{"resourceType":"CapabilityStatement","id":"answerbank","text":{"status":"generated","div":"<div xmlns=\"http://www.w3.org/1999/xhtml\"><h2 id=\"title\">Argonaut Answerbank CapabilityStatement</h2><p>This section outlines conformance requirements for the Argonaut Questionnaire Answer Bank Server.  It is responsible for storing QuestionnairesResponses and providing responses to the requests submitted by the Provider EHRs.  The Argonaut QuestionnaireResponse Profile and Argonaut Adaptive QuestionnaireResponse Profiles and the various interactions outlined in this guide are the RESTful artifacts and interactions that it supports.   Note that the Argonaut Profiles identify the structural constraints, terminology bindings and invariants and the individual Argonaut SearchParameter resources define the definitions, comparators, modifiers and usage constraints.</p><ul><li>FHIR Version: 3.0.1</li><li>Supported formats: xml, json</li><li>Published: 2019-02-25</li><li>Published by: The Argonaut Project</li></ul><h3 id=\"behavior\">FHIR RESTful Capabilities</h3><p>The Argonaut questionnaire Answer-Bank <strong>SHALL</strong>:</p><ol><li>Implement the RESTful behavior according to the FHIR specification including returning the appropriate response classes as described in the FHIR specification for <a href=\"http://hl7.org/fhir/STU3/http.html\">FHIR RESTful API</a>.</li><li>Support json resource formats for all Argonaut Questionnaire interactions.</li><li>Declare a CapabilityStatement identifying the list of profiles, operations, search parameter supported.</li></ol><p>The Argonaut questionnaire Answer-Bank <strong>SHOULD</strong>:</p><ol><li>Support xml resource formats for all Argonaut questionnaire interactions.</li></ol><p id=\"security\"><strong>Security:</strong></p><p>For general security consideration refer to the <a href=\"https://argonautproject.github.io/questionnaire/index.html#security-and-privacy-considerations\">Security and Privacy Considerations</a>.</p><h3 id=\"resource--details\" class=\"no_toc\">RESTful Capabilities by Resource/Profile:</h3><p><strong>Summary of Search Criteria</strong></p><table class=\"grid\"><thead><tr><th>Resource Type</th><th>Supported Profiles</th><th>Supported Searches</th><th>Supported Includes</th></tr></thead><tbody><tr><td><a href=\"#questionnaireresponse\">QuestionnaireResponse</a></td><td><p><a href=\"http://fhir.org/guides/argonaut-questionnaire/StructureDefinition/argo-questionnaireresponse\">Argonaut QuestionnaireResponse Profile</a>, <a href=\"http://fhir.org/guides/argonaut-questionnaire/StructureDefinition/argo-adap-questionnaireresponse\">Argonaut Adaptive QuestionnaireResponse Profile</a></p></td><td>\n\t\t\t\t\t\t\t\n\t\t\t\t\t\t\t_id, \n\t\t\t\t\t\t\tquestionnaire, \n\t\t\t\t\t\t\tpatient, \n\t\t\t\t\t\t\tcontext, \n\t\t\t\t\t\t\tstatus, \n\t\t\t\t\t\t\tauthor, \n\t\t\t\t\t\t\tsource, author+patient, author+patient+status, author+status, context+patient, context+patient+status, context+status, patient+source, patient+source+status, patient+status, questionnaire+status, source+status\n\t\t\t\t\t\t</td><td>\n\t\t\t\t\t\t\tQuestionnaireResponse:questionnaire\n\t\t\t\t\t\t</td></tr></tbody></table><br/><h4 id=\"questionnaireresponse\" class=\"no_toc\">QuestionnaireResponse</h4><p>Supported Profiles:\n\t\t\t<p><a href=\"http://fhir.org/guides/argonaut-questionnaire/StructureDefinition/argo-questionnaireresponse\">Argonaut QuestionnaireResponse Profile</a>, <a href=\"http://fhir.org/guides/argonaut-questionnaire/StructureDefinition/argo-adap-questionnaireresponse\">Argonaut Adaptive QuestionnaireResponse Profile</a></p>\n\n\t\t\t\t</p><ul><li>A server <em>SHALL</em> be capable of supporting  the<a href=\"http://fhir.org/guides/argonaut-questionnaire/StructureDefinition/argo-questionnaire\"> Argonaut Questionnaire Profile</a> as a contained resource with the Argonaut Adaptive QuestionnaireResponse Profile.</li><li>A server <em>SHALL</em> be capable of supporting  the<a href=\"http://fhir.org/guides/argonaut-questionnaire/StructureDefinition/argo-questionnaire-valueset\"> Argonaut Questionnaire ValueSet Profile</a> as a contained resource with the Argonaut Questionnaire Profile.</li></ul><p>Reference Policy: <code>resolves</code></p><p>Versioning Policy: <code>versioned</code></p><p>Profile Interaction Summary:</p><ul><li><strong>SHALL</strong> support \n\t\t\t\t\t\t\t\t\t\t\t\t\t\t\t\t\t\t\t\t\t\t\t<code>create</code>, \n\t\t\t\t\t\t\t\t\t\t\t\t\t\t\t\t\t\t\t\t\t\t\t<code>search-type</code>, \n\t\t\t\t\t\t\t\t\t\t\t\t\t\t\t\t\t\t\t\t\t\t\t<code>read</code>, \n\t\t\t\t\t\t\t\t\t\t\t\t\t\t\t\t\t\t\t\t\t\t\t<code>vread</code>, \n\t\t\t\t\t\t\t\t\t\t\t\t\t\t\t\t\t\t\t\t\t\t\t<code>update</code>, \n\t\t\t\t\t\t\t\t\t\t\t\t\t\t\t\t\t\t\t\t\t\t\t<code>history-instance</code>.</li><li><strong>MAY</strong> support \n\t\t\t\t\t\t\t\t\t\t\t\t\t\t\t\t\t\t\t\t\t\t\t<code>patch</code>, \n\t\t\t\t\t\t\t\t\t\t\t\t\t\t\t\t\t\t\t\t\t\t\t<code>delete</code>, \n\t\t\t\t\t\t\t\t\t\t\t\t\t\t\t\t\t\t\t\t\t\t\t<code>history-type</code>.</li></ul><p>Fetch and Search Criteria:</p><ul><li>\n\t\t\t\t\tA server <strong>SHALL</strong> be capable of returning a QuestionnaireResponse resource using:\n\t\t\t\t\t<br/>\n\t\t\t\t\t\t<code class=\"highlighter-rouge\">GET [base]/QuestionnaireResponse/[id]</code>\n\t\t\t\t</li><br/><li>\n\t\t\t\t\tA server <strong>SHOULD</strong> be capable of supporting the returning the following _includes:\n\t\t\t\t\t<br/>\n\t\t\t\t\t\n\t\t\t\t\t\tQuestionnaireResponse:questionnaire - <code class=\"highlighter-rouge\">GET [base]/QuestionnaireResponse?[parameter=value]&amp;_include=QuestionnaireResponse:questionnaire</code>\n\t\t\t\t\t\n\t\t\t\t</li><br/></ul><p>Search Parameter Summary:</p><table class=\"grid\"><thead><tr><th>Conformance</th><th>Parameter</th><th>Type</th><th>Example</th></tr></thead><tbody><tr><td><strong>SHALL</strong></td><td><a href=\"http://hl7.org/fhir/SearchParameter/Resource-_id\">_id</a></td><td>\n\t\t\t\t\t\t\ttoken\n\t\t\t\t\t\t</td><td><code class=\"highlighter-rouge\">GET [base]/QuestionnaireResponse?_id=[id]</code></td></tr><tr><td><strong>SHALL</strong></td><td><a href=\"http://fhir.org/guides/argonaut-questionnaire/SearchParameter/QuestionnaireResponse-questionnaire\">questionnaire</a></td><td>\n\t\t\t\t\t\t\treference\n\t\t\t\t\t\t</td><td><code class=\"highlighter-rouge\">GET [base]/QuestionnaireResponse?questionnaire=[questionnaire]</code></td></tr><tr><td><strong>SHALL</strong></td><td><a href=\"http://fhir.org/guides/argonaut-questionnaire/SearchParameter/QuestionnaireResponse-patient\">patient</a></td><td>\n\t\t\t\t\t\t\treference\n\t\t\t\t\t\t</td><td><code class=\"highlighter-rouge\">GET [base]/QuestionnaireResponse?patient=[patient]</code></td></tr><tr><td><strong>SHALL</strong></td><td><a href=\"http://fhir.org/guides/argonaut-questionnaire/SearchParameter/QuestionnaireResponse-context\">context</a></td><td>\n\t\t\t\t\t\t\treference\n\t\t\t\t\t\t</td><td><code class=\"highlighter-rouge\">GET [base]/QuestionnaireResponse?context=[context]</code></td></tr><tr><td><strong>SHALL</strong></td><td><a href=\"http://fhir.org/guides/argonaut-questionnaire/SearchParameter/QuestionnaireResponse-status\">status</a></td><td>\n\t\t\t\t\t\t\ttoken\n\t\t\t\t\t\t</td><td><code class=\"highlighter-rouge\">GET [base]/QuestionnaireResponse?status=[status]</code></td></tr><tr><td><strong>SHOULD</strong></td><td><a href=\"http://fhir.org/guides/argonaut-questionnaire/SearchParameter/QuestionnaireResponse-author\">author</a></td><td>\n\t\t\t\t\t\t\treference\n\t\t\t\t\t\t</td><td><code class=\"highlighter-rouge\">GET [base]/QuestionnaireResponse?author=[author]</code></td></tr><tr><td><strong>SHOULD</strong></td><td><a href=\"http://fhir.org/guides/argonaut-questionnaire/SearchParameter/QuestionnaireResponse-source\">source</a></td><td>\n\t\t\t\t\t\t\treference\n\t\t\t\t\t\t</td><td><code class=\"highlighter-rouge\">GET [base]/QuestionnaireResponse?source=[source]</code></td></tr></tbody></table><p>Search Parameter Combination Summary:</p><table class=\"grid\"><thead><tr><th>Conformance</th><th>Parameter Combination</th><th>Example</th></tr></thead><tbody><tr><td><strong>SHOULD</strong></td><td>author+patient\n\t\t\t\t\t\t</td><td><code class=\"highlighter-rouge\">GET [base]/QuestionnaireResponse?author=[author]&amp;patient=[patient]</code></td></tr><tr><td><strong>SHOULD</strong></td><td>author+patient+status\n\t\t\t\t\t\t</td><td><code class=\"highlighter-rouge\">GET [base]/QuestionnaireResponse?author=[author]&amp;patient=[patient]&amp;status=[status]</code></td></tr><tr><td><strong>SHOULD</strong></td><td>author+status\n\t\t\t\t\t\t</td><td><code class=\"highlighter-rouge\">GET [base]/QuestionnaireResponse?author=[author]&amp;status=[status]</code></td></tr><tr><td><strong>SHALL</strong></td><td>context+patient\n\t\t\t\t\t\t</td><td><code class=\"highlighter-rouge\">GET [base]/QuestionnaireResponse?context=[context]&amp;patient=[patient]</code></td></tr><tr><td><strong>SHALL</strong></td><td>context+patient+status\n\t\t\t\t\t\t</td><td><code class=\"highlighter-rouge\">GET [base]/QuestionnaireResponse?context=[context]&amp;patient=[patient]&amp;status=[status]</code></td></tr><tr><td><strong>SHALL</strong></td><td>context+status\n\t\t\t\t\t\t</td><td><code class=\"highlighter-rouge\">GET [base]/QuestionnaireResponse?context=[context]&amp;status=[status]</code></td></tr><tr><td><strong>SHOULD</strong></td><td>patient+source\n\t\t\t\t\t\t</td><td><code class=\"highlighter-rouge\">GET [base]/QuestionnaireResponse?patient=[patient]&amp;source=[source]</code></td></tr><tr><td><strong>SHOULD</strong></td><td>patient+source+status\n\t\t\t\t\t\t</td><td><code class=\"highlighter-rouge\">GET [base]/QuestionnaireResponse?patient=[patient]&amp;source=[source]&amp;status=[status]</code></td></tr><tr><td><strong>SHALL</strong></td><td>patient+status\n\t\t\t\t\t\t</td><td><code class=\"highlighter-rouge\">GET [base]/QuestionnaireResponse?patient=[patient]&amp;status=[status]</code></td></tr><tr><td><strong>SHALL</strong></td><td>questionnaire+status\n\t\t\t\t\t\t</td><td><code class=\"highlighter-rouge\">GET [base]/QuestionnaireResponse?questionnaire=[questionnaire]&amp;status=[status]</code></td></tr><tr><td><strong>SHOULD</strong></td><td>source+status\n\t\t\t\t\t\t</td><td><code class=\"highlighter-rouge\">GET [base]/QuestionnaireResponse?source=[source]&amp;status=[status]</code></td></tr></tbody></table><br/></div>"},"url":"http://fhir.org/guides/argonaut-questionnaire/CapabilityStatement/answerbank","version":"1.0.0","name":"answerbank","title":"Argonaut Answerbank CapabilityStatement","status":"active","experimental":false,"date":"2019-02-25T00:00:00-08:00","publisher":"The Argonaut Project","contact":[{"telecom":[{"system":"url","value":"https://github.com/argonautproject/questionnaire/issues"}]}],"description":"This section outlines conformance requirements for the Argonaut Questionnaire Answer Bank Server.  It is responsible for storing QuestionnairesResponses and providing responses to the requests submitted by the Provider EHRs.  The Argonaut QuestionnaireResponse Profile and Argonaut Adaptive QuestionnaireResponse Profiles and the various interactions outlined in this guide are the RESTful artifacts and interactions that it supports.   Note that the Argonaut Profiles identify the structural constraints, terminology bindings and invariants and the individual Argonaut SearchParameter resources define the definitions, comparators, modifiers and usage constraints.","jurisdiction":[{"coding":[{"system":"urn:iso:std:iso:3166","code":"US"}]}],"kind":"requirements","fhirVersion":"3.0.1","format":["xml","json"],"patchFormat":["application/json-patch+json"],"implementationGuide":["http://fhir.org/guides/argonaut-questionnaire/ImplementationGuide/ig","http://hl7.org/fhir/us/core/ImplementationGuide/ig"],"rest":[{"mode":"server","documentation":"The Argonaut questionnaire Answer-Bank **SHALL**:\n\n1. Implement the RESTful behavior according to the FHIR specification including returning the appropriate response classes as described in the FHIR specification for [FHIR RESTful API](http://hl7.org/fhir/STU3/http.html).\n1. Support json resource formats for all Argonaut Questionnaire interactions.\n1. Declare a CapabilityStatement identifying the list of profiles, operations, search parameter supported.\n\nThe Argonaut questionnaire Answer-Bank **SHOULD**:\n\n1. Support xml resource formats for all Argonaut questionnaire interactions.","security":{"description":"For general security consideration refer to the [Security and Privacy Considerations](https://argonautproject.github.io/questionnaire/index.html#security-and-privacy-considerations)."},"resource":[{"extension":[{"url":"http://hl7.org/fhir/StructureDefinition/capabilitystatement-expectation","valueCode":"SHALL"},{"extension":[{"url":"http://hl7.org/fhir/StructureDefinition/capabilitystatement-expectation","valueCode":"SHOULD"},{"url":"required","valueString":"author"},{"url":"required","valueString":"patient"}],"url":"http://hl7.org/fhir/StructureDefinition/capabilitystatement-search-parameter-combination"},{"extension":[{"url":"http://hl7.org/fhir/StructureDefinition/capabilitystatement-expectation","valueCode":"SHOULD"},{"url":"required","valueString":"author"},{"url":"required","valueString":"patient"},{"url":"required","valueString":"status"}],"url":"http://hl7.org/fhir/StructureDefinition/capabilitystatement-search-parameter-combination"},{"extension":[{"url":"http://hl7.org/fhir/StructureDefinition/capabilitystatement-expectation","valueCode":"SHOULD"},{"url":"required","valueString":"author"},{"url":"required","valueString":"status"}],"url":"http://hl7.org/fhir/StructureDefinition/capabilitystatement-search-parameter-combination"},{"extension":[{"url":"http://hl7.org/fhir/StructureDefinition/capabilitystatement-expectation","valueCode":"SHALL"},{"url":"required","valueString":"context"},{"url":"required","valueString":"patient"}],"url":"http://hl7.org/fhir/StructureDefinition/capabilitystatement-search-parameter-combination"},{"extension":[{"url":"http://hl7.org/fhir/StructureDefinition/capabilitystatement-expectation","valueCode":"SHALL"},{"url":"required","valueString":"context"},{"url":"required","valueString":"patient"},{"url":"required","valueString":"status"}],"url":"http://hl7.org/fhir/StructureDefinition/capabilitystatement-search-parameter-combination"},{"extension":[{"url":"http://hl7.org/fhir/StructureDefinition/capabilitystatement-expectation","valueCode":"SHALL"},{"url":"required","valueString":"context"},{"url":"required","valueString":"status"}],"url":"http://hl7.org/fhir/StructureDefinition/capabilitystatement-search-parameter-combination"},{"extension":[{"url":"http://hl7.org/fhir/StructureDefinition/capabilitystatement-expectation","valueCode":"SHOULD"},{"url":"required","valueString":"patient"},{"url":"required","valueString":"source"}],"url":"http://hl7.org/fhir/StructureDefinition/capabilitystatement-search-parameter-combination"},{"extension":[{"url":"http://hl7.org/fhir/StructureDefinition/capabilitystatement-expectation","valueCode":"SHOULD"},{"url":"required","valueString":"patient"},{"url":"required","valueString":"source"},{"url":"required","valueString":"status"}],"url":"http://hl7.org/fhir/StructureDefinition/capabilitystatement-search-parameter-combination"},{"extension":[{"url":"http://hl7.org/fhir/StructureDefinition/capabilitystatement-expectation","valueCode":"SHALL"},{"url":"required","valueString":"patient"},{"url":"required","valueString":"status"}],"url":"http://hl7.org/fhir/StructureDefinition/capabilitystatement-search-parameter-combination"},{"extension":[{"url":"http://hl7.org/fhir/StructureDefinition/capabilitystatement-expectation","valueCode":"SHALL"},{"url":"required","valueString":"questionnaire"},{"url":"required","valueString":"status"}],"url":"http://hl7.org/fhir/StructureDefinition/capabilitystatement-search-parameter-combination"},{"extension":[{"url":"http://hl7.org/fhir/StructureDefinition/capabilitystatement-expectation","valueCode":"SHOULD"},{"url":"required","valueString":"source"},{"url":"required","valueString":"status"}],"url":"http://hl7.org/fhir/StructureDefinition/capabilitystatement-search-parameter-combination"}],"type":"QuestionnaireResponse","documentation":"-  A server *SHALL* be capable of supporting  the[ Argonaut Questionnaire Profile](http://fhir.org/guides/argonaut-questionnaire/StructureDefinition/argo-questionnaire) as a contained resource with the Argonaut Adaptive QuestionnaireResponse Profile.\n-  A server *SHALL* be capable of supporting  the[ Argonaut Questionnaire ValueSet Profile](http://fhir.org/guides/argonaut-questionnaire/StructureDefinition/argo-questionnaire-valueset) as a contained resource with the Argonaut Questionnaire Profile.","interaction":[{"extension":[{"url":"http://hl7.org/fhir/StructureDefinition/capabilitystatement-expectation","valueCode":"SHALL"}],"code":"create"},{"extension":[{"url":"http://hl7.org/fhir/StructureDefinition/capabilitystatement-expectation","valueCode":"SHALL"}],"code":"search-type"},{"extension":[{"url":"http://hl7.org/fhir/StructureDefinition/capabilitystatement-expectation","valueCode":"SHALL"}],"code":"read"},{"extension":[{"url":"http://hl7.org/fhir/StructureDefinition/capabilitystatement-expectation","valueCode":"SHALL"}],"code":"vread"},{"extension":[{"url":"http://hl7.org/fhir/StructureDefinition/capabilitystatement-expectation","valueCode":"SHALL"}],"code":"update"},{"extension":[{"url":"http://hl7.org/fhir/StructureDefinition/capabilitystatement-expectation","valueCode":"MAY"}],"code":"patch"},{"extension":[{"url":"http://hl7.org/fhir/StructureDefinition/capabilitystatement-expectation","valueCode":"MAY"}],"code":"delete"},{"extension":[{"url":"http://hl7.org/fhir/StructureDefinition/capabilitystatement-expectation","valueCode":"SHALL"}],"code":"history-instance"},{"extension":[{"url":"http://hl7.org/fhir/StructureDefinition/capabilitystatement-expectation","valueCode":"MAY"}],"code":"history-type"}],"versioning":"versioned","readHistory":false,"updateCreate":false,"referencePolicy":["resolves"],"searchInclude":["QuestionnaireResponse:questionnaire"],"searchParam":[{"extension":[{"url":"http://hl7.org/fhir/StructureDefinition/capabilitystatement-expectation","valueCode":"SHALL"}],"name":"_id","definition":"http://hl7.org/fhir/SearchParameter/Resource-_id","type":"token"},{"extension":[{"url":"http://hl7.org/fhir/StructureDefinition/capabilitystatement-expectation","valueCode":"SHALL"}],"name":"questionnaire","definition":"http://fhir.org/guides/argonaut-questionnaire/SearchParameter/QuestionnaireResponse-questionnaire","type":"reference"},{"extension":[{"url":"http://hl7.org/fhir/StructureDefinition/capabilitystatement-expectation","valueCode":"SHALL"}],"name":"patient","definition":"http://fhir.org/guides/argonaut-questionnaire/SearchParameter/QuestionnaireResponse-patient","type":"reference"},{"extension":[{"url":"http://hl7.org/fhir/StructureDefinition/capabilitystatement-expectation","valueCode":"SHALL"}],"name":"context","definition":"http://fhir.org/guides/argonaut-questionnaire/SearchParameter/QuestionnaireResponse-context","type":"reference"},{"extension":[{"url":"http://hl7.org/fhir/StructureDefinition/capabilitystatement-expectation","valueCode":"SHALL"}],"name":"status","definition":"http://fhir.org/guides/argonaut-questionnaire/SearchParameter/QuestionnaireResponse-status","type":"token"},{"extension":[{"url":"http://hl7.org/fhir/StructureDefinition/capabilitystatement-expectation","valueCode":"SHOULD"}],"name":"author","definition":"http://fhir.org/guides/argonaut-questionnaire/SearchParameter/QuestionnaireResponse-author","type":"reference"},{"extension":[{"url":"http://hl7.org/fhir/StructureDefinition/capabilitystatement-expectation","valueCode":"SHOULD"}],"name":"source","definition":"http://fhir.org/guides/argonaut-questionnaire/SearchParameter/QuestionnaireResponse-source","type":"reference"}]}]}]}