{"resourceType":"CapabilityStatement","id":"assessmentbank","text":{"status":"generated","div":"<div xmlns=\"http://www.w3.org/1999/xhtml\"><h2 id=\"title\">Argonaut Assessmentbank CapabilityStatement</h2><p>This section outlines conformance requirements for the Argonaut Questionnaire Assessment-Bank Server.  It is responsible for storing Questionnaires and providing responses to the requests submitted by the  Form Author/Editor and Provider EHRs.   The Argonaut Questionnaire Profile and the various interactions outlined in this guide are the RESTful artifacts and interactions that it supports.   Note that the Argonaut Profiles identify the structural constraints, terminology bindings and invariants and the individual Argonaut SearchParameter resources define the definitions, comparators, modifiers and usage constraints.</p><ul><li>FHIR Version: 3.0.1</li><li>Supported formats: xml, json</li><li>Published: 2019-02-21</li><li>Published by: The Argonaut Project</li></ul><h3 id=\"behavior\">FHIR RESTful Capabilities</h3><p>The Argonaut questionnaire Assessment-Bank <strong>SHALL</strong>:</p><ol><li>Implement the RESTful behavior according to the FHIR specification including returning the appropriate response classes as described in the FHIR specification for <a href=\"http://hl7.org/fhir/STU3/http.html\">FHIR RESTful API</a>.</li><li>Support json resource formats for all Argonaut Questionnaire interactions.</li><li>Declare a CapabilityStatement identifying the list of profiles, operations, search parameter supported.</li></ol><p>The Argonaut questionnaire Assessment-Bank <strong>SHOULD</strong>:</p><ol><li>Support xml resource formats for all Argonaut questionnaire interactions.</li></ol><p id=\"security\"><strong>Security:</strong></p><p>For general security consideration refer to the <a href=\"https://argonautproject.github.io/questionnaire/index.html#security-and-privacy-considerations\">Security and Privacy Considerations</a>.</p><h3 id=\"resource--details\" class=\"no_toc\">RESTful Capabilities by Resource/Profile:</h3><p><strong>Summary of Search Criteria</strong></p><table class=\"grid\"><thead><tr><th>Resource Type</th><th>Supported Profiles</th><th>Supported Searches</th><th>Supported Includes</th></tr></thead><tbody><tr><td><a href=\"#questionnaire\">Questionnaire</a></td><td><p><a href=\"http://fhir.org/guides/argonaut-questionnaire/StructureDefinition/argo-questionnaire\">Argonaut Questionnaire Profile</a></p></td><td>\n\t\t\t\t\t\t\t\n\t\t\t\t\t\t\t_id, \n\t\t\t\t\t\t\turl, \n\t\t\t\t\t\t\tstatus, \n\t\t\t\t\t\t\ttitle, \n\t\t\t\t\t\t\tpublisher, \n\t\t\t\t\t\t\tversion, \n\t\t\t\t\t\t\tcontext-type-value\n\t\t\t\t\t\t</td><td>\n\t\t\t\t\t\t\t\n\t\t\t\t\t\t</td></tr></tbody></table><br/><h4 id=\"questionnaire\" class=\"no_toc\">Questionnaire</h4><ul><li>A server <em>SHALL</em> be capable of supporting  the<a href=\"http://fhir.org/guides/argonaut-questionnaire/StructureDefinition/argo-questionnaire-valueset\"> Argonaut Questionnaire ValueSet Profile</a> as a contained resource with the Argonaut Questionnaire Profile.</li></ul><p>Supported Profiles:\n\t\t\t<p><a href=\"http://fhir.org/guides/argonaut-questionnaire/StructureDefinition/argo-questionnaire\">Argonaut Questionnaire Profile</a></p>\n\n\t\t\t\t</p><p>Profile Interaction Summary:</p><ul><li><strong>SHALL</strong> support \n\t\t\t\t\t\t\t\t\t\t\t\t\t\t\t\t\t\t\t\t\t\t\t<code>create</code>, \n\t\t\t\t\t\t\t\t\t\t\t\t\t\t\t\t\t\t\t\t\t\t\t<code>search-type</code>, \n\t\t\t\t\t\t\t\t\t\t\t\t\t\t\t\t\t\t\t\t\t\t\t<code>read</code>, \n\t\t\t\t\t\t\t\t\t\t\t\t\t\t\t\t\t\t\t\t\t\t\t<code>vread</code>, \n\t\t\t\t\t\t\t\t\t\t\t\t\t\t\t\t\t\t\t\t\t\t\t<code>update</code>, \n\t\t\t\t\t\t\t\t\t\t\t\t\t\t\t\t\t\t\t\t\t\t\t<code>delete</code>, \n\t\t\t\t\t\t\t\t\t\t\t\t\t\t\t\t\t\t\t\t\t\t\t<code>history-instance</code>.</li><li><strong>MAY</strong> support \n\t\t\t\t\t\t\t\t\t\t\t\t\t\t\t\t\t\t\t\t\t\t\t<code>patch</code>, \n\t\t\t\t\t\t\t\t\t\t\t\t\t\t\t\t\t\t\t\t\t\t\t<code>history-type</code>.</li></ul><p>Fetch and Search Criteria:</p><ul><li>\n\t\t\t\t\tA server <strong>SHALL</strong> be capable of returning a Questionnaire resource using:\n\t\t\t\t\t<br/>\n\t\t\t\t\t\t<code class=\"highlighter-rouge\">GET [base]/Questionnaire/[id]</code>\n\t\t\t\t</li><br/></ul><p>Search Parameter Summary:</p><table class=\"grid\"><thead><tr><th>Conformance</th><th>Parameter</th><th>Type</th><th>Example</th></tr></thead><tbody><tr><td><strong>SHALL</strong></td><td><a href=\"http://hl7.org/fhir/SearchParameter/Resource-_id\">_id</a></td><td>\n\t\t\t\t\t\t\ttoken\n\t\t\t\t\t\t</td><td><code class=\"highlighter-rouge\">GET [base]/Questionnaire?_id=[id]</code></td></tr><tr><td><strong>SHALL</strong></td><td><a href=\"http://hl7.org/fhir/SearchParameter/Questionnaire-url\">url</a></td><td>\n\t\t\t\t\t\t\turi\n\t\t\t\t\t\t</td><td><code class=\"highlighter-rouge\">GET [base]/Questionnaire?url=[uri]</code></td></tr><tr><td><strong>SHALL</strong></td><td><a href=\"http://fhir.org/guides/argonaut-questionnaire/SearchParameter/Questionnaire-status\">status</a></td><td>\n\t\t\t\t\t\t\ttoken\n\t\t\t\t\t\t</td><td><code class=\"highlighter-rouge\">GET [base]/Questionnaire?status=[status]</code></td></tr><tr><td><strong>SHALL</strong></td><td><a href=\"http://fhir.org/guides/argonaut-questionnaire/SearchParameter/Questionnaire-title\">title</a></td><td>\n\t\t\t\t\t\t\tstring\n\t\t\t\t\t\t</td><td><code class=\"highlighter-rouge\">GET [base]/Questionnaire?title=[title]</code></td></tr><tr><td><strong>SHALL</strong></td><td><a href=\"http://fhir.org/guides/argonaut-questionnaire/SearchParameter/Questionnaire-publisher\">publisher</a></td><td>\n\t\t\t\t\t\t\tstring\n\t\t\t\t\t\t</td><td><code class=\"highlighter-rouge\">GET [base]/Questionnaire?publisher=[publisher]</code></td></tr><tr><td><strong>SHOULD</strong></td><td><a href=\"http://fhir.org/guides/argonaut-questionnaire/SearchParameter/Questionnaire-version\">version</a></td><td>\n\t\t\t\t\t\t\ttoken\n\t\t\t\t\t\t</td><td><code class=\"highlighter-rouge\">GET [base]/Questionnaire?version=[system]|[code]</code></td></tr><tr><td><strong>SHOULD</strong></td><td><a href=\"http://fhir.org/guides/argonaut-questionnaire/SearchParameter/Questionnaire-context-type-value\">context-type-value</a></td><td>\n\t\t\t\t\t\t\tcomposite\n\t\t\t\t\t\t</td><td><code class=\"highlighter-rouge\">GET [base]/Questionnaire?context-type-value=[code]&amp;[value]</code></td></tr></tbody></table><br/></div>"},"url":"http://fhir.org/guides/argonaut-questionnaire/CapabilityStatement/assessmentbank","version":"1.0.0","name":"assessmentbank","title":"Argonaut Assessmentbank CapabilityStatement","status":"active","experimental":false,"date":"2019-02-21T00:00:00-08:00","publisher":"The Argonaut Project","contact":[{"telecom":[{"system":"url","value":"https://github.com/argonautproject/questionnaire/issues"}]}],"description":"This section outlines conformance requirements for the Argonaut Questionnaire Assessment-Bank Server.  It is responsible for storing Questionnaires and providing responses to the requests submitted by the  Form Author/Editor and Provider EHRs.   The Argonaut Questionnaire Profile and the various interactions outlined in this guide are the RESTful artifacts and interactions that it supports.   Note that the Argonaut Profiles identify the structural constraints, terminology bindings and invariants and the individual Argonaut SearchParameter resources define the definitions, comparators, modifiers and usage constraints.","jurisdiction":[{"coding":[{"system":"urn:iso:std:iso:3166","code":"US"}]}],"kind":"requirements","fhirVersion":"3.0.1","format":["xml","json"],"patchFormat":["application/json-patch+json"],"implementationGuide":["http://fhir.org/guides/argonaut-questionnaire/ImplementationGuide/ig","http://hl7.org/fhir/us/core/ImplementationGuide/ig"],"rest":[{"mode":"server","documentation":"The Argonaut questionnaire Assessment-Bank **SHALL**:\n\n1. Implement the RESTful behavior according to the FHIR specification including returning the appropriate response classes as described in the FHIR specification for [FHIR RESTful API](http://hl7.org/fhir/STU3/http.html).\n1. Support json resource formats for all Argonaut Questionnaire interactions.\n1. Declare a CapabilityStatement identifying the list of profiles, operations, search parameter supported.\n\nThe Argonaut questionnaire Assessment-Bank **SHOULD**:\n\n1. Support xml resource formats for all Argonaut questionnaire interactions.","security":{"description":"For general security consideration refer to the [Security and Privacy Considerations](https://argonautproject.github.io/questionnaire/index.html#security-and-privacy-considerations)."},"resource":[{"extension":[{"url":"http://hl7.org/fhir/StructureDefinition/capabilitystatement-expectation","valueCode":"SHALL"}],"type":"Questionnaire","documentation":"-  A server *SHALL* be capable of supporting  the[ Argonaut Questionnaire ValueSet Profile](http://fhir.org/guides/argonaut-questionnaire/StructureDefinition/argo-questionnaire-valueset) as a contained resource with the Argonaut Questionnaire Profile.","interaction":[{"extension":[{"url":"http://hl7.org/fhir/StructureDefinition/capabilitystatement-expectation","valueCode":"SHALL"}],"code":"create"},{"extension":[{"url":"http://hl7.org/fhir/StructureDefinition/capabilitystatement-expectation","valueCode":"SHALL"}],"code":"search-type"},{"extension":[{"url":"http://hl7.org/fhir/StructureDefinition/capabilitystatement-expectation","valueCode":"SHALL"}],"code":"read"},{"extension":[{"url":"http://hl7.org/fhir/StructureDefinition/capabilitystatement-expectation","valueCode":"SHALL"}],"code":"vread"},{"extension":[{"url":"http://hl7.org/fhir/StructureDefinition/capabilitystatement-expectation","valueCode":"SHALL"}],"code":"update"},{"extension":[{"url":"http://hl7.org/fhir/StructureDefinition/capabilitystatement-expectation","valueCode":"MAY"}],"code":"patch"},{"extension":[{"url":"http://hl7.org/fhir/StructureDefinition/capabilitystatement-expectation","valueCode":"SHALL"}],"code":"delete"},{"extension":[{"url":"http://hl7.org/fhir/StructureDefinition/capabilitystatement-expectation","valueCode":"SHALL"}],"code":"history-instance"},{"extension":[{"url":"http://hl7.org/fhir/StructureDefinition/capabilitystatement-expectation","valueCode":"MAY"}],"code":"history-type"}],"versioning":"versioned","readHistory":false,"updateCreate":false,"referencePolicy":["resolves"],"searchParam":[{"extension":[{"url":"http://hl7.org/fhir/StructureDefinition/capabilitystatement-expectation","valueCode":"SHALL"}],"name":"_id","definition":"http://hl7.org/fhir/SearchParameter/Resource-_id","type":"token"},{"extension":[{"url":"http://hl7.org/fhir/StructureDefinition/capabilitystatement-expectation","valueCode":"SHALL"}],"name":"url","definition":"http://hl7.org/fhir/SearchParameter/Questionnaire-url","type":"uri"},{"extension":[{"url":"http://hl7.org/fhir/StructureDefinition/capabilitystatement-expectation","valueCode":"SHALL"}],"name":"status","definition":"http://fhir.org/guides/argonaut-questionnaire/SearchParameter/Questionnaire-status","type":"token"},{"extension":[{"url":"http://hl7.org/fhir/StructureDefinition/capabilitystatement-expectation","valueCode":"SHALL"}],"name":"title","definition":"http://fhir.org/guides/argonaut-questionnaire/SearchParameter/Questionnaire-title","type":"string"},{"extension":[{"url":"http://hl7.org/fhir/StructureDefinition/capabilitystatement-expectation","valueCode":"SHALL"}],"name":"publisher","definition":"http://fhir.org/guides/argonaut-questionnaire/SearchParameter/Questionnaire-publisher","type":"string"},{"extension":[{"url":"http://hl7.org/fhir/StructureDefinition/capabilitystatement-expectation","valueCode":"SHOULD"}],"name":"version","definition":"http://fhir.org/guides/argonaut-questionnaire/SearchParameter/Questionnaire-version","type":"token"},{"extension":[{"url":"http://hl7.org/fhir/StructureDefinition/capabilitystatement-expectation","valueCode":"SHOULD"}],"name":"context-type-value","definition":"http://fhir.org/guides/argonaut-questionnaire/SearchParameter/Questionnaire-context-type-value","type":"composite"}]}]}]}