{"resourceType":"CapabilityStatement","id":"adaptive-questionnaire-service","text":{"status":"generated","div":"<div xmlns=\"http://www.w3.org/1999/xhtml\"><h2 id=\"title\">Argonaut Adaptive Questionnaire Service CapabilityStatement</h2><p>This section outlines conformance requirements for the Argonaut Questionnaire Adaptive QuestionService.  It is responsible for providing questions in response to requests and  determining the next question and calculation of the score for an Adaptive Questionnaires.  It supports the Argonaut Adaptive QuestionnaireResponse Profile and the transactions associated with the adaptive questionnaires.   Note that the Argonaut Profile and next-question OperationDefinition identify the structural constraints, terminology bindings and invariants.</p><ul><li>FHIR Version: 3.0.1</li><li>Supported formats: xml, json</li><li>Published: 2019-02-20</li><li>Published by: The Argonaut Project</li></ul><h3 id=\"behavior\">FHIR RESTful Capabilities</h3><p>The Argonaut Adaptive Questionnaire Service <strong>SHALL</strong>:</p><ol><li>Implement the RESTful behavior according to the FHIR specification including returning the appropriate response classes as described in the FHIR specification for <a href=\"http://hl7.org/fhir/STU3/http.html\">FHIR RESTful API</a>.</li><li>Support json resource formats for all Argonaut Questionnaire interactions.</li><li>Declare a CapabilityStatement identifying the list of profiles, operations, search parameter supported.</li></ol><p>The Argonaut Adaptive Questionnaire Service <strong>SHOULD</strong>:</p><ol><li>Support xml resource formats for all Argonaut questionnaire interactions.</li><li>Provide a mechanism for discovery of the adaptive forms it offers.</li></ol><p id=\"security\"><strong>Security:</strong></p><p><p>For general security consideration refer to the <a href=\"https://argonautproject.github.io/questionnaire/index.html#security-and-privacy-considerations\">Security and Privacy Considerations</a>.</p></p><h3 id=\"resource--details\" class=\"no_toc\">RESTful Capabilities by Resource/Profile:</h3><p><strong>Summary of Operations</strong></p><br/><li><strong>SHALL</strong> support the\t<a href=\"#&lt;fhirclient.models.fhirreference.FHIRReference object at 0x10933950&gt;\">next-question</a> operation.</li><p><strong>Summary of Search Criteria</strong></p><table class=\"grid\"><thead><tr><th>Resource Type</th><th>Supported Profiles</th><th>Supported Searches</th><th>Supported Includes</th></tr></thead><tbody><tr><td><a href=\"#questionnaireresponse\">QuestionnaireResponse</a></td><td><p><a href=\"http://fhir.org/guides/argonaut-questionnaire/StructureDefinition/argo-adap-questionnaireresponse\">Argonaut Adaptive QuestionnaireResponse Profile</a></p></td><td>\n\t\t\t\t\t\t\t\n\t\t\t\t\t\t</td><td>\n\t\t\t\t\t\t\t\n\t\t\t\t\t\t</td></tr></tbody></table><br/><h4 id=\"questionnaireresponse\" class=\"no_toc\">QuestionnaireResponse</h4><p>Supported Profiles:\n\t\t\t<p><a href=\"http://fhir.org/guides/argonaut-questionnaire/StructureDefinition/argo-adap-questionnaireresponse\">Argonaut Adaptive QuestionnaireResponse Profile</a></p>\n\n\t\t\t\t</p><p>Profile Interaction Summary:</p><ul><li><strong>MAY</strong> support \n\t\t\t\t\t\t\t\t\t\t\t\t\t\t\t\t\t\t\t\t\t\t\t<code>search-type</code>, \n\t\t\t\t\t\t\t\t\t\t\t\t\t\t\t\t\t\t\t\t\t\t\t<code>read</code>, \n\t\t\t\t\t\t\t\t\t\t\t\t\t\t\t\t\t\t\t\t\t\t\t<code>vread</code>.</li></ul><p>Fetch and Search Criteria:</p><ul><li>\n\t\t\t\t\tA server <strong>MAY</strong> be capable of returning a QuestionnaireResponse resource using:\n\t\t\t\t\t<br/>\n\t\t\t\t\t\t<code class=\"highlighter-rouge\">GET [base]/QuestionnaireResponse/[id]</code>\n\t\t\t\t</li><br/></ul><br/></div>"},"url":"http://fhir.org/guides/argonaut-questionnaire/CapabilityStatement/adaptive-questionnaire-service","version":"1.0.0","name":"adaptive_questionnaire_service","title":"Argonaut Adaptive Questionnaire Service CapabilityStatement","status":"active","experimental":false,"date":"2019-02-20T00:00:00-08:00","publisher":"The Argonaut Project","contact":[{"telecom":[{"system":"url","value":"https://github.com/argonautproject/questionnaire/issues"}]}],"description":"This section outlines conformance requirements for the Argonaut Questionnaire Adaptive QuestionService.  It is responsible for providing questions in response to requests and  determining the next question and calculation of the score for an Adaptive Questionnaires.  It supports the Argonaut Adaptive QuestionnaireResponse Profile and the transactions associated with the adaptive questionnaires.   Note that the Argonaut Profile and next-question OperationDefinition identify the structural constraints, terminology bindings and invariants.","jurisdiction":[{"coding":[{"system":"urn:iso:std:iso:3166","code":"US"}]}],"kind":"requirements","fhirVersion":"3.0.1","format":["xml","json"],"patchFormat":["application/json-patch+json"],"implementationGuide":["http://fhir.org/guides/argonaut-questionnaire/ImplementationGuide/ig","http://hl7.org/fhir/us/core/ImplementationGuide/ig"],"rest":[{"mode":"server","documentation":"The Argonaut Adaptive Questionnaire Service **SHALL**:\n\n1. Implement the RESTful behavior according to the FHIR specification including returning the appropriate response classes as described in the FHIR specification for [FHIR RESTful API](http://hl7.org/fhir/STU3/http.html).\n1. Support json resource formats for all Argonaut Questionnaire interactions.\n1. Declare a CapabilityStatement identifying the list of profiles, operations, search parameter supported.\n\nThe Argonaut Adaptive Questionnaire Service **SHOULD**:\n\n1. Support xml resource formats for all Argonaut questionnaire interactions.\n1. Provide a mechanism for discovery of the adaptive forms it offers.","security":{"description":"For general security consideration refer to the [Security and Privacy Considerations](https://argonautproject.github.io/questionnaire/index.html#security-and-privacy-considerations)."},"resource":[{"extension":[{"url":"http://hl7.org/fhir/StructureDefinition/capabilitystatement-expectation","valueCode":"SHALL"}],"type":"QuestionnaireResponse","interaction":[{"extension":[{"url":"http://hl7.org/fhir/StructureDefinition/capabilitystatement-expectation","valueCode":"MAY"}],"code":"search-type"},{"extension":[{"url":"http://hl7.org/fhir/StructureDefinition/capabilitystatement-expectation","valueCode":"MAY"}],"code":"read"},{"extension":[{"url":"http://hl7.org/fhir/StructureDefinition/capabilitystatement-expectation","valueCode":"MAY"}],"code":"vread"}],"readHistory":false,"updateCreate":false}],"operation":[{"extension":[{"url":"http://hl7.org/fhir/StructureDefinition/capabilitystatement-expectation","valueCode":"SHALL"}],"name":"next-question","definition":{"reference":"http://fhir.org/guides/argonaut-questionnaire/OperationDefinition/next-question"}}]}]}