{"resourceType":"CapabilityStatement","id":"argo-questionnaire-provider-ehr","text":{"status":"generated","div":"<div xmlns=\"http://www.w3.org/1999/xhtml\"><h2 id=\"title\">Argonaut Argo Questionnaire Provider Ehr CapabilityStatement</h2><p>This section outlines conformance requirements for the Argonaut Questionnaire Provider EHR.  It may be responsible for retrieving, rendering and displaying both static and adaptive Questionnaires and QuestionnairesResponses.  The Argonaut Questionnaire Profile,  Argonaut QuestionnaireResponse Profile and Argonaut Adaptive QuestionnaireResponse Profiles and all the interactions outlined in this guide are the RESTful artifacts and interactions that it supports.   Note that the Argonaut Profiles identify the structural constraints, terminology bindings and invariants and the individual Argonaut SearchParameter resources define the definitions, comparators, modifiers and usage constraints.</p><ul><li>FHIR Version: 3.0.1</li><li>Supported formats: xml, json</li><li>Published: 2019-02-26</li><li>Published by: The Argonaut Project</li></ul><h3 id=\"behavior\">FHIR RESTful Capabilities</h3><p>The Argonaut Questionnaire Provider EHR <strong>SHOULD</strong></p><ol><li>Implement the RESTful behavior according to the FHIR specification as described in the FHIR specification for <a href=\"http://hl7.org/fhir/STU3/http.html\">FHIR RESTful API</a>.</li><li>Support the 'next-question' operation for filling out adaptive questionnaires</li><li>Support json resource formats for all Argonaut Questionnaire interactions.</li></ol><p>The Argonaut Questionnaire Provider EHR <strong>MAY</strong>:</p><ol><li><p>Declare a CapabilityStatement identifying the list of profiles, operations, search parameter is supported.</p></li><li><p>Support xml resource formats for all Argonaut questionnaire interactions.</p></li></ol><p id=\"security\"><strong>Security:</strong></p><p>For general security consideration refer to the <a href=\"https://argonautproject.github.io/questionnaire/index.html#security-and-privacy-considerations\">Security and Privacy Considerations</a>.</p><h3 id=\"resource--details\" class=\"no_toc\">RESTful Capabilities by Resource/Profile:</h3><p><strong>Summary of Operations</strong></p><li><strong>SHOULD</strong> support the\t<a href=\"http://fhir.org/guides/argonaut-questionnaire/OperationDefinition/next-question\"><code>$next-question</code></a> operation.</li><p><strong>Summary of Search Criteria</strong></p><table class=\"grid\"><thead><tr><th>Resource Type</th><th>Supported Profiles</th><th>Supported Searches</th><th>Supported Includes</th></tr></thead><tbody><tr><td><a href=\"#questionnaire\">Questionnaire</a></td><td><p><a href=\"http://fhir.org/guides/argonaut-questionnaire/StructureDefinition/argo-questionnaire\">Argonaut Questionnaire Profile</a></p></td><td>\n\t\t\t\t\t\t\t\n\t\t\t\t\t\t\t_id, \n\t\t\t\t\t\t\turl, \n\t\t\t\t\t\t\tstatus, \n\t\t\t\t\t\t\ttitle, \n\t\t\t\t\t\t\tpublisher, \n\t\t\t\t\t\t\tversion, \n\t\t\t\t\t\t\tcontext-type-value, context-type-value+publisher, context-type-value+publisher+status, context-type-value+status, publisher+status, publisher+status+version, publisher+version, status+title, status+title+version, status+version, title+version\n\t\t\t\t\t\t</td><td>\n\t\t\t\t\t\t\t\n\t\t\t\t\t\t</td></tr><tr><td><a href=\"#questionnaireresponse\">QuestionnaireResponse</a></td><td><p><a href=\"http://fhir.org/guides/argonaut-questionnaire/StructureDefinition/argo-questionnaireresponse\">Argonaut QuestionnaireResponse Profile</a>, <a href=\"http://fhir.org/guides/argonaut-questionnaire/StructureDefinition/argo-adap-questionnaireresponse\">Argonaut Adaptive QuestionnaireResponse Profile</a></p></td><td>\n\t\t\t\t\t\t\t\n\t\t\t\t\t\t\t_id, \n\t\t\t\t\t\t\tquestionnaire, \n\t\t\t\t\t\t\tpatient, \n\t\t\t\t\t\t\tcontext, \n\t\t\t\t\t\t\tstatus, \n\t\t\t\t\t\t\tauthor, \n\t\t\t\t\t\t\tsource, author+patient, author+patient+status, author+status, context+patient, context+patient+status, context+status, patient+source, patient+source+status, patient+status, questionnaire+status, source+status\n\t\t\t\t\t\t</td><td>\n\t\t\t\t\t\t\tQuestionnaireResponse:questionnaire\n\t\t\t\t\t\t</td></tr></tbody></table><br/><h4 id=\"questionnaire\" class=\"no_toc\">Questionnaire</h4><p>Supported Profiles:\n\t\t\t<p><a href=\"http://fhir.org/guides/argonaut-questionnaire/StructureDefinition/argo-questionnaire\">Argonaut Questionnaire Profile</a></p>\n\n\t\t\t\t</p><ul><li>Provider EHR <em>SHOULD</em> be capable of supporting  the<a href=\"http://fhir.org/guides/argonaut-questionnaire/StructureDefinition/argo-questionnaire-valueset\"> Argonaut Questionnaire ValueSet Profile</a> as a contained resource with the Argonaut Questionnaire Profile.</li></ul><p>Profile Interaction Summary:</p><ul><li><strong>SHOULD</strong> support \n\t\t\t\t\t\t\t\t\t\t\t\t\t\t\t\t\t\t\t\t\t\t\t<code>search-type</code>, \n\t\t\t\t\t\t\t\t\t\t\t\t\t\t\t\t\t\t\t\t\t\t\t<code>read</code>, \n\t\t\t\t\t\t\t\t\t\t\t\t\t\t\t\t\t\t\t\t\t\t\t<code>vread</code>, \n\t\t\t\t\t\t\t\t\t\t\t\t\t\t\t\t\t\t\t\t\t\t\t<code>history-instance</code>.</li><li><strong>MAY</strong> support \n\t\t\t\t\t\t\t\t\t\t\t\t\t\t\t\t\t\t\t\t\t\t\t<code>history-type</code>.</li></ul><p>Fetch and Search Criteria:</p><ul><li>\n\t\t\t\t\tA server <strong>SHOULD</strong> be capable of returning a Questionnaire resource using:\n\t\t\t\t\t<br/>\n\t\t\t\t\t\t<code class=\"highlighter-rouge\">GET [base]/Questionnaire/[id]</code>\n\t\t\t\t</li><br/></ul><p>Search Parameter Summary:</p><table class=\"grid\"><thead><tr><th>Conformance</th><th>Parameter</th><th>Type</th><th>Example</th></tr></thead><tbody><tr><td><strong>SHOULD</strong></td><td><a href=\"http://hl7.org/fhir/SearchParameter/Resource-id\">_id</a></td><td>\n\t\t\t\t\t\t\ttoken\n\t\t\t\t\t\t</td><td><code class=\"highlighter-rouge\">GET [base]/Questionnaire?_id=[id]</code></td></tr><tr><td><strong>SHOULD</strong></td><td><a href=\"http://hl7.org/fhir/SearchParameter/Questionnaire-url\">url</a></td><td>\n\t\t\t\t\t\t\turi\n\t\t\t\t\t\t</td><td><code class=\"highlighter-rouge\">GET [base]/Questionnaire?url=[uri]</code></td></tr><tr><td><strong>SHOULD</strong></td><td><a href=\"http://fhir.org/guides/argonaut-questionnaire/SearchParameter/Questionnaire-status\">status</a></td><td>\n\t\t\t\t\t\t\ttoken\n\t\t\t\t\t\t</td><td><code class=\"highlighter-rouge\">GET [base]/Questionnaire?status=[status]</code></td></tr><tr><td><strong>SHOULD</strong></td><td><a href=\"http://fhir.org/guides/argonaut-questionnaire/SearchParameter/Questionnaire-title\">title</a></td><td>\n\t\t\t\t\t\t\tstring\n\t\t\t\t\t\t</td><td><code class=\"highlighter-rouge\">GET [base]/Questionnaire?title=[title]</code></td></tr><tr><td><strong>SHOULD</strong></td><td><a href=\"http://fhir.org/guides/argonaut-questionnaire/SearchParameter/Questionnaire-publisher\">publisher</a></td><td>\n\t\t\t\t\t\t\tstring\n\t\t\t\t\t\t</td><td><code class=\"highlighter-rouge\">GET [base]/Questionnaire?publisher=[publisher]</code></td></tr><tr><td><strong>SHOULD</strong></td><td><a href=\"http://fhir.org/guides/argonaut-questionnaire/SearchParameter/Questionnaire-version\">version</a></td><td>\n\t\t\t\t\t\t\ttoken\n\t\t\t\t\t\t</td><td><code class=\"highlighter-rouge\">GET [base]/Questionnaire?version=[system]|[code]</code></td></tr><tr><td><strong>SHOULD</strong></td><td><a href=\"http://fhir.org/guides/argonaut-questionnaire/SearchParameter/Questionnaire-context-type-value\">context-type-value</a></td><td>\n\t\t\t\t\t\t\tcomposite\n\t\t\t\t\t\t</td><td><code class=\"highlighter-rouge\">GET [base]/Questionnaire?context-type-value=[code]&amp;[value]</code></td></tr></tbody></table><p>Search Parameter Combination Summary:</p><table class=\"grid\"><thead><tr><th>Conformance</th><th>Parameter Combination</th><th>Example</th></tr></thead><tbody><tr><td><strong>SHOULD</strong></td><td>context-type-value+publisher\n\t\t\t\t\t\t</td><td><code class=\"highlighter-rouge\">GET [base]/Questionnaire?context-type-value=[code]&amp;[value]&amp;publisher=[publisher]</code></td></tr><tr><td><strong>SHOULD</strong></td><td>context-type-value+publisher+status\n\t\t\t\t\t\t</td><td><code class=\"highlighter-rouge\">GET [base]/Questionnaire?context-type-value=[code]&amp;[value]&amp;publisher=[publisher]&amp;status=[status]</code></td></tr><tr><td><strong>SHOULD</strong></td><td>context-type-value+status\n\t\t\t\t\t\t</td><td><code class=\"highlighter-rouge\">GET [base]/Questionnaire?context-type-value=[code]&amp;[value]&amp;status=[status]</code></td></tr><tr><td><strong>SHOULD</strong></td><td>publisher+status\n\t\t\t\t\t\t</td><td><code class=\"highlighter-rouge\">GET [base]/Questionnaire?publisher=[publisher]&amp;status=[status]</code></td></tr><tr><td><strong>SHOULD</strong></td><td>publisher+status+version\n\t\t\t\t\t\t</td><td><code class=\"highlighter-rouge\">GET [base]/Questionnaire?publisher=[publisher]&amp;status=[status]&amp;version=[system]|[code]</code></td></tr><tr><td><strong>SHOULD</strong></td><td>publisher+version\n\t\t\t\t\t\t</td><td><code class=\"highlighter-rouge\">GET [base]/Questionnaire?publisher=[publisher]&amp;version=[system]|[code]</code></td></tr><tr><td><strong>SHOULD</strong></td><td>status+title\n\t\t\t\t\t\t</td><td><code class=\"highlighter-rouge\">GET [base]/Questionnaire?status=[status]&amp;title=[title]</code></td></tr><tr><td><strong>SHOULD</strong></td><td>status+title+version\n\t\t\t\t\t\t</td><td><code class=\"highlighter-rouge\">GET [base]/Questionnaire?status=[status]&amp;title=[title]&amp;version=[system]|[code]</code></td></tr><tr><td><strong>SHOULD</strong></td><td>status+version\n\t\t\t\t\t\t</td><td><code class=\"highlighter-rouge\">GET [base]/Questionnaire?status=[status]&amp;version=[system]|[code]</code></td></tr><tr><td><strong>SHOULD</strong></td><td>title+version\n\t\t\t\t\t\t</td><td><code class=\"highlighter-rouge\">GET [base]/Questionnaire?title=[title]&amp;version=[system]|[code]</code></td></tr></tbody></table><h4 id=\"questionnaireresponse\" class=\"no_toc\">QuestionnaireResponse</h4><p>Supported Profiles:\n\t\t\t<p><a href=\"http://fhir.org/guides/argonaut-questionnaire/StructureDefinition/argo-questionnaireresponse\">Argonaut QuestionnaireResponse Profile</a>, <a href=\"http://fhir.org/guides/argonaut-questionnaire/StructureDefinition/argo-adap-questionnaireresponse\">Argonaut Adaptive QuestionnaireResponse Profile</a></p>\n\n\t\t\t\t</p><ul><li>Provider EHR <em>SHOULD</em> be capable of supporting  the<a href=\"http://fhir.org/guides/argonaut-questionnaire/StructureDefinition/argo-questionnaire\"> Argonaut Questionnaire Profile</a> as a contained resource with the Argonaut Adaptive QuestionnaireResponse Profile.</li><li>Provider EHR <em>SHOULD</em> be capable of supporting  the<a href=\"http://fhir.org/guides/argonaut-questionnaire/StructureDefinition/argo-questionnaire-valueset\"> Argonaut Questionnaire ValueSet Profile</a> as a contained resource with the Argonaut Questionnaire Profile.</li></ul><p>Profile Interaction Summary:</p><ul><li><strong>SHOULD</strong> support \n\t\t\t\t\t\t\t\t\t\t\t\t\t\t\t\t\t\t\t\t\t\t\t<code>create</code>, \n\t\t\t\t\t\t\t\t\t\t\t\t\t\t\t\t\t\t\t\t\t\t\t<code>search-type</code>, \n\t\t\t\t\t\t\t\t\t\t\t\t\t\t\t\t\t\t\t\t\t\t\t<code>read</code>, \n\t\t\t\t\t\t\t\t\t\t\t\t\t\t\t\t\t\t\t\t\t\t\t<code>vread</code>, \n\t\t\t\t\t\t\t\t\t\t\t\t\t\t\t\t\t\t\t\t\t\t\t<code>update</code>, \n\t\t\t\t\t\t\t\t\t\t\t\t\t\t\t\t\t\t\t\t\t\t\t<code>history-instance</code>.</li><li><strong>MAY</strong> support \n\t\t\t\t\t\t\t\t\t\t\t\t\t\t\t\t\t\t\t\t\t\t\t<code>patch</code>, \n\t\t\t\t\t\t\t\t\t\t\t\t\t\t\t\t\t\t\t\t\t\t\t<code>delete</code>, \n\t\t\t\t\t\t\t\t\t\t\t\t\t\t\t\t\t\t\t\t\t\t\t<code>history-type</code>.</li></ul><p>Fetch and Search Criteria:</p><ul><li>\n\t\t\t\t\tA server <strong>SHOULD</strong> be capable of returning a QuestionnaireResponse resource using:\n\t\t\t\t\t<br/>\n\t\t\t\t\t\t<code class=\"highlighter-rouge\">GET [base]/QuestionnaireResponse/[id]</code>\n\t\t\t\t</li><br/><li>\n\t\t\t\t\tA server <strong>SHOULD</strong> be capable of supporting the returning the following _includes:\n\t\t\t\t\t<br/>\n\t\t\t\t\t\n\t\t\t\t\t\tQuestionnaireResponse:questionnaire - <code class=\"highlighter-rouge\">GET [base]/QuestionnaireResponse?[parameter=value]&amp;_include=QuestionnaireResponse:questionnaire</code>\n\t\t\t\t\t\n\t\t\t\t</li><br/></ul><p>Search Parameter Summary:</p><table class=\"grid\"><thead><tr><th>Conformance</th><th>Parameter</th><th>Type</th><th>Example</th></tr></thead><tbody><tr><td><strong>SHOULD</strong></td><td><a href=\"http://hl7.org/fhir/SearchParameter/Resource-id\">_id</a></td><td>\n\t\t\t\t\t\t\ttoken\n\t\t\t\t\t\t</td><td><code class=\"highlighter-rouge\">GET [base]/QuestionnaireResponse?_id=[id]</code></td></tr><tr><td><strong>SHOULD</strong></td><td><a href=\"http://fhir.org/guides/argonaut-questionnaire/SearchParameter/QuestionnaireResponse-questionnaire\">questionnaire</a></td><td>\n\t\t\t\t\t\t\treference\n\t\t\t\t\t\t</td><td><code class=\"highlighter-rouge\">GET [base]/QuestionnaireResponse?questionnaire=[questionnaire]</code></td></tr><tr><td><strong>SHOULD</strong></td><td><a href=\"http://fhir.org/guides/argonaut-questionnaire/SearchParameter/QuestionnaireResponse-patient\">patient</a></td><td>\n\t\t\t\t\t\t\treference\n\t\t\t\t\t\t</td><td><code class=\"highlighter-rouge\">GET [base]/QuestionnaireResponse?patient=[patient]</code></td></tr><tr><td><strong>SHOULD</strong></td><td><a href=\"http://fhir.org/guides/argonaut-questionnaire/SearchParameter/QuestionnaireResponse-context\">context</a></td><td>\n\t\t\t\t\t\t\treference\n\t\t\t\t\t\t</td><td><code class=\"highlighter-rouge\">GET [base]/QuestionnaireResponse?context=[context]</code></td></tr><tr><td><strong>SHOULD</strong></td><td><a href=\"http://fhir.org/guides/argonaut-questionnaire/SearchParameter/QuestionnaireResponse-status\">status</a></td><td>\n\t\t\t\t\t\t\ttoken\n\t\t\t\t\t\t</td><td><code class=\"highlighter-rouge\">GET [base]/QuestionnaireResponse?status=[status]</code></td></tr><tr><td><strong>SHOULD</strong></td><td><a href=\"http://fhir.org/guides/argonaut-questionnaire/SearchParameter/QuestionnaireResponse-author\">author</a></td><td>\n\t\t\t\t\t\t\treference\n\t\t\t\t\t\t</td><td><code class=\"highlighter-rouge\">GET [base]/QuestionnaireResponse?author=[author]</code></td></tr><tr><td><strong>SHOULD</strong></td><td><a href=\"http://fhir.org/guides/argonaut-questionnaire/SearchParameter/QuestionnaireResponse-source\">source</a></td><td>\n\t\t\t\t\t\t\treference\n\t\t\t\t\t\t</td><td><code class=\"highlighter-rouge\">GET [base]/QuestionnaireResponse?source=[source]</code></td></tr></tbody></table><p>Search Parameter Combination Summary:</p><table class=\"grid\"><thead><tr><th>Conformance</th><th>Parameter Combination</th><th>Example</th></tr></thead><tbody><tr><td><strong>SHOULD</strong></td><td>author+patient\n\t\t\t\t\t\t</td><td><code class=\"highlighter-rouge\">GET [base]/QuestionnaireResponse?author=[author]&amp;patient=[patient]</code></td></tr><tr><td><strong>SHOULD</strong></td><td>author+patient+status\n\t\t\t\t\t\t</td><td><code class=\"highlighter-rouge\">GET [base]/QuestionnaireResponse?author=[author]&amp;patient=[patient]&amp;status=[status]</code></td></tr><tr><td><strong>SHOULD</strong></td><td>author+status\n\t\t\t\t\t\t</td><td><code class=\"highlighter-rouge\">GET [base]/QuestionnaireResponse?author=[author]&amp;status=[status]</code></td></tr><tr><td><strong>SHOULD</strong></td><td>context+patient\n\t\t\t\t\t\t</td><td><code class=\"highlighter-rouge\">GET [base]/QuestionnaireResponse?context=[context]&amp;patient=[patient]</code></td></tr><tr><td><strong>SHOULD</strong></td><td>context+patient+status\n\t\t\t\t\t\t</td><td><code class=\"highlighter-rouge\">GET [base]/QuestionnaireResponse?context=[context]&amp;patient=[patient]&amp;status=[status]</code></td></tr><tr><td><strong>SHOULD</strong></td><td>context+status\n\t\t\t\t\t\t</td><td><code class=\"highlighter-rouge\">GET [base]/QuestionnaireResponse?context=[context]&amp;status=[status]</code></td></tr><tr><td><strong>SHOULD</strong></td><td>patient+source\n\t\t\t\t\t\t</td><td><code class=\"highlighter-rouge\">GET [base]/QuestionnaireResponse?patient=[patient]&amp;source=[source]</code></td></tr><tr><td><strong>SHOULD</strong></td><td>patient+source+status\n\t\t\t\t\t\t</td><td><code class=\"highlighter-rouge\">GET [base]/QuestionnaireResponse?patient=[patient]&amp;source=[source]&amp;status=[status]</code></td></tr><tr><td><strong>SHOULD</strong></td><td>patient+status\n\t\t\t\t\t\t</td><td><code class=\"highlighter-rouge\">GET [base]/QuestionnaireResponse?patient=[patient]&amp;status=[status]</code></td></tr><tr><td><strong>SHOULD</strong></td><td>questionnaire+status\n\t\t\t\t\t\t</td><td><code class=\"highlighter-rouge\">GET [base]/QuestionnaireResponse?questionnaire=[questionnaire]&amp;status=[status]</code></td></tr><tr><td><strong>SHOULD</strong></td><td>source+status\n\t\t\t\t\t\t</td><td><code class=\"highlighter-rouge\">GET [base]/QuestionnaireResponse?source=[source]&amp;status=[status]</code></td></tr></tbody></table><br/></div>"},"url":"http://fhir.org/guides/argonaut-questionnaire/CapabilityStatement/argo-questionnaire-provider-ehr","version":"1.0.0","name":"argo_questionnaire_provider_ehr","title":"Argonaut Argo Questionnaire Provider Ehr CapabilityStatement","status":"active","experimental":false,"date":"2019-02-26T00:00:00-08:00","publisher":"The Argonaut Project","contact":[{"telecom":[{"system":"url","value":"https://github.com/argonautproject/questionnaire/issues"}]}],"description":"This section outlines conformance requirements for the Argonaut Questionnaire Provider EHR.  It may be responsible for retrieving, rendering and displaying both static and adaptive Questionnaires and QuestionnairesResponses.  The Argonaut Questionnaire Profile,  Argonaut QuestionnaireResponse Profile and Argonaut Adaptive QuestionnaireResponse Profiles and all the interactions outlined in this guide are the RESTful artifacts and interactions that it supports.   Note that the Argonaut Profiles identify the structural constraints, terminology bindings and invariants and the individual Argonaut SearchParameter resources define the definitions, comparators, modifiers and usage constraints.","jurisdiction":[{"coding":[{"system":"urn:iso:std:iso:3166","code":"US"}]}],"kind":"requirements","fhirVersion":"3.0.1","format":["xml","json"],"patchFormat":["application/json-patch+json"],"implementationGuide":["http://fhir.org/guides/argonaut-questionnaire/ImplementationGuide/argonaut.us.questionnaire-1.0.0","http://hl7.org/fhir/us/core/ImplementationGuide/ig"],"rest":[{"mode":"client","documentation":"The Argonaut Questionnaire Provider EHR **SHOULD**\n\n1. Implement the RESTful behavior according to the FHIR specification as described in the FHIR specification for [FHIR RESTful API](http://hl7.org/fhir/STU3/http.html).\n1. Support the 'next-question' operation for filling out adaptive questionnaires\n1. Support json resource formats for all Argonaut Questionnaire interactions.\n\nThe Argonaut Questionnaire Provider EHR **MAY**:\n\n1. Declare a CapabilityStatement identifying the list of profiles, operations, search parameter is supported.\n\n1. Support xml resource formats for all Argonaut questionnaire interactions.","security":{"description":"For general security consideration refer to the [Security and Privacy Considerations](https://argonautproject.github.io/questionnaire/index.html#security-and-privacy-considerations)."},"resource":[{"extension":[{"url":"http://hl7.org/fhir/StructureDefinition/capabilitystatement-expectation","valueCode":"SHOULD"},{"extension":[{"url":"http://hl7.org/fhir/StructureDefinition/capabilitystatement-expectation","valueCode":"SHOULD"},{"url":"required","valueString":"context-type-value"},{"url":"required","valueString":"publisher"}],"url":"http://hl7.org/fhir/StructureDefinition/capabilitystatement-search-parameter-combination"},{"extension":[{"url":"http://hl7.org/fhir/StructureDefinition/capabilitystatement-expectation","valueCode":"SHOULD"},{"url":"required","valueString":"context-type-value"},{"url":"required","valueString":"publisher"},{"url":"required","valueString":"status"}],"url":"http://hl7.org/fhir/StructureDefinition/capabilitystatement-search-parameter-combination"},{"extension":[{"url":"http://hl7.org/fhir/StructureDefinition/capabilitystatement-expectation","valueCode":"SHOULD"},{"url":"required","valueString":"context-type-value"},{"url":"required","valueString":"status"}],"url":"http://hl7.org/fhir/StructureDefinition/capabilitystatement-search-parameter-combination"},{"extension":[{"url":"http://hl7.org/fhir/StructureDefinition/capabilitystatement-expectation","valueCode":"SHOULD"},{"url":"required","valueString":"publisher"},{"url":"required","valueString":"status"}],"url":"http://hl7.org/fhir/StructureDefinition/capabilitystatement-search-parameter-combination"},{"extension":[{"url":"http://hl7.org/fhir/StructureDefinition/capabilitystatement-expectation","valueCode":"SHOULD"},{"url":"required","valueString":"publisher"},{"url":"required","valueString":"status"},{"url":"required","valueString":"version"}],"url":"http://hl7.org/fhir/StructureDefinition/capabilitystatement-search-parameter-combination"},{"extension":[{"url":"http://hl7.org/fhir/StructureDefinition/capabilitystatement-expectation","valueCode":"SHOULD"},{"url":"required","valueString":"publisher"},{"url":"required","valueString":"version"}],"url":"http://hl7.org/fhir/StructureDefinition/capabilitystatement-search-parameter-combination"},{"extension":[{"url":"http://hl7.org/fhir/StructureDefinition/capabilitystatement-expectation","valueCode":"SHOULD"},{"url":"required","valueString":"status"},{"url":"required","valueString":"title"}],"url":"http://hl7.org/fhir/StructureDefinition/capabilitystatement-search-parameter-combination"},{"extension":[{"url":"http://hl7.org/fhir/StructureDefinition/capabilitystatement-expectation","valueCode":"SHOULD"},{"url":"required","valueString":"status"},{"url":"required","valueString":"title"},{"url":"required","valueString":"version"}],"url":"http://hl7.org/fhir/StructureDefinition/capabilitystatement-search-parameter-combination"},{"extension":[{"url":"http://hl7.org/fhir/StructureDefinition/capabilitystatement-expectation","valueCode":"SHOULD"},{"url":"required","valueString":"status"},{"url":"required","valueString":"version"}],"url":"http://hl7.org/fhir/StructureDefinition/capabilitystatement-search-parameter-combination"},{"extension":[{"url":"http://hl7.org/fhir/StructureDefinition/capabilitystatement-expectation","valueCode":"SHOULD"},{"url":"required","valueString":"title"},{"url":"required","valueString":"version"}],"url":"http://hl7.org/fhir/StructureDefinition/capabilitystatement-search-parameter-combination"}],"type":"Questionnaire","documentation":"-  Provider EHR *SHOULD* be capable of supporting  the[ Argonaut Questionnaire ValueSet Profile](http://fhir.org/guides/argonaut-questionnaire/StructureDefinition/argo-questionnaire-valueset) as a contained resource with the Argonaut Questionnaire Profile.","interaction":[{"extension":[{"url":"http://hl7.org/fhir/StructureDefinition/capabilitystatement-expectation","valueCode":"SHOULD"}],"code":"search-type"},{"extension":[{"url":"http://hl7.org/fhir/StructureDefinition/capabilitystatement-expectation","valueCode":"SHOULD"}],"code":"read"},{"extension":[{"url":"http://hl7.org/fhir/StructureDefinition/capabilitystatement-expectation","valueCode":"SHOULD"}],"code":"vread"},{"extension":[{"url":"http://hl7.org/fhir/StructureDefinition/capabilitystatement-expectation","valueCode":"SHOULD"}],"code":"history-instance"},{"extension":[{"url":"http://hl7.org/fhir/StructureDefinition/capabilitystatement-expectation","valueCode":"MAY"}],"code":"history-type"}],"readHistory":false,"updateCreate":false,"searchParam":[{"extension":[{"url":"http://hl7.org/fhir/StructureDefinition/capabilitystatement-expectation","valueCode":"SHOULD"}],"name":"_id","definition":"http://hl7.org/fhir/SearchParameter/Resource-id","type":"token"},{"extension":[{"url":"http://hl7.org/fhir/StructureDefinition/capabilitystatement-expectation","valueCode":"SHOULD"}],"name":"url","definition":"http://hl7.org/fhir/SearchParameter/Questionnaire-url","type":"uri"},{"extension":[{"url":"http://hl7.org/fhir/StructureDefinition/capabilitystatement-expectation","valueCode":"SHOULD"}],"name":"status","definition":"http://fhir.org/guides/argonaut-questionnaire/SearchParameter/Questionnaire-status","type":"token"},{"extension":[{"url":"http://hl7.org/fhir/StructureDefinition/capabilitystatement-expectation","valueCode":"SHOULD"}],"name":"title","definition":"http://fhir.org/guides/argonaut-questionnaire/SearchParameter/Questionnaire-title","type":"string"},{"extension":[{"url":"http://hl7.org/fhir/StructureDefinition/capabilitystatement-expectation","valueCode":"SHOULD"}],"name":"publisher","definition":"http://fhir.org/guides/argonaut-questionnaire/SearchParameter/Questionnaire-publisher","type":"string"},{"extension":[{"url":"http://hl7.org/fhir/StructureDefinition/capabilitystatement-expectation","valueCode":"SHOULD"}],"name":"version","definition":"http://fhir.org/guides/argonaut-questionnaire/SearchParameter/Questionnaire-version","type":"token"},{"extension":[{"url":"http://hl7.org/fhir/StructureDefinition/capabilitystatement-expectation","valueCode":"SHOULD"}],"name":"context-type-value","definition":"http://fhir.org/guides/argonaut-questionnaire/SearchParameter/Questionnaire-context-type-value","type":"composite"}]},{"extension":[{"url":"http://hl7.org/fhir/StructureDefinition/capabilitystatement-expectation","valueCode":"SHOULD"},{"extension":[{"url":"http://hl7.org/fhir/StructureDefinition/capabilitystatement-expectation","valueCode":"SHOULD"},{"url":"required","valueString":"author"},{"url":"required","valueString":"patient"}],"url":"http://hl7.org/fhir/StructureDefinition/capabilitystatement-search-parameter-combination"},{"extension":[{"url":"http://hl7.org/fhir/StructureDefinition/capabilitystatement-expectation","valueCode":"SHOULD"},{"url":"required","valueString":"author"},{"url":"required","valueString":"patient"},{"url":"required","valueString":"status"}],"url":"http://hl7.org/fhir/StructureDefinition/capabilitystatement-search-parameter-combination"},{"extension":[{"url":"http://hl7.org/fhir/StructureDefinition/capabilitystatement-expectation","valueCode":"SHOULD"},{"url":"required","valueString":"author"},{"url":"required","valueString":"status"}],"url":"http://hl7.org/fhir/StructureDefinition/capabilitystatement-search-parameter-combination"},{"extension":[{"url":"http://hl7.org/fhir/StructureDefinition/capabilitystatement-expectation","valueCode":"SHOULD"},{"url":"required","valueString":"context"},{"url":"required","valueString":"patient"}],"url":"http://hl7.org/fhir/StructureDefinition/capabilitystatement-search-parameter-combination"},{"extension":[{"url":"http://hl7.org/fhir/StructureDefinition/capabilitystatement-expectation","valueCode":"SHOULD"},{"url":"required","valueString":"context"},{"url":"required","valueString":"patient"},{"url":"required","valueString":"status"}],"url":"http://hl7.org/fhir/StructureDefinition/capabilitystatement-search-parameter-combination"},{"extension":[{"url":"http://hl7.org/fhir/StructureDefinition/capabilitystatement-expectation","valueCode":"SHOULD"},{"url":"required","valueString":"context"},{"url":"required","valueString":"status"}],"url":"http://hl7.org/fhir/StructureDefinition/capabilitystatement-search-parameter-combination"},{"extension":[{"url":"http://hl7.org/fhir/StructureDefinition/capabilitystatement-expectation","valueCode":"SHOULD"},{"url":"required","valueString":"patient"},{"url":"required","valueString":"source"}],"url":"http://hl7.org/fhir/StructureDefinition/capabilitystatement-search-parameter-combination"},{"extension":[{"url":"http://hl7.org/fhir/StructureDefinition/capabilitystatement-expectation","valueCode":"SHOULD"},{"url":"required","valueString":"patient"},{"url":"required","valueString":"source"},{"url":"required","valueString":"status"}],"url":"http://hl7.org/fhir/StructureDefinition/capabilitystatement-search-parameter-combination"},{"extension":[{"url":"http://hl7.org/fhir/StructureDefinition/capabilitystatement-expectation","valueCode":"SHOULD"},{"url":"required","valueString":"patient"},{"url":"required","valueString":"status"}],"url":"http://hl7.org/fhir/StructureDefinition/capabilitystatement-search-parameter-combination"},{"extension":[{"url":"http://hl7.org/fhir/StructureDefinition/capabilitystatement-expectation","valueCode":"SHOULD"},{"url":"required","valueString":"questionnaire"},{"url":"required","valueString":"status"}],"url":"http://hl7.org/fhir/StructureDefinition/capabilitystatement-search-parameter-combination"},{"extension":[{"url":"http://hl7.org/fhir/StructureDefinition/capabilitystatement-expectation","valueCode":"SHOULD"},{"url":"required","valueString":"source"},{"url":"required","valueString":"status"}],"url":"http://hl7.org/fhir/StructureDefinition/capabilitystatement-search-parameter-combination"}],"type":"QuestionnaireResponse","documentation":"-  Provider EHR *SHOULD* be capable of supporting  the[ Argonaut Questionnaire Profile](http://fhir.org/guides/argonaut-questionnaire/StructureDefinition/argo-questionnaire) as a contained resource with the Argonaut Adaptive QuestionnaireResponse Profile.\n-  Provider EHR *SHOULD* be capable of supporting  the[ Argonaut Questionnaire ValueSet Profile](http://fhir.org/guides/argonaut-questionnaire/StructureDefinition/argo-questionnaire-valueset) as a contained resource with the Argonaut Questionnaire Profile.","interaction":[{"extension":[{"url":"http://hl7.org/fhir/StructureDefinition/capabilitystatement-expectation","valueCode":"SHOULD"}],"code":"create"},{"extension":[{"url":"http://hl7.org/fhir/StructureDefinition/capabilitystatement-expectation","valueCode":"SHOULD"}],"code":"search-type"},{"extension":[{"url":"http://hl7.org/fhir/StructureDefinition/capabilitystatement-expectation","valueCode":"SHOULD"}],"code":"read"},{"extension":[{"url":"http://hl7.org/fhir/StructureDefinition/capabilitystatement-expectation","valueCode":"SHOULD"}],"code":"vread"},{"extension":[{"url":"http://hl7.org/fhir/StructureDefinition/capabilitystatement-expectation","valueCode":"SHOULD"}],"code":"update"},{"extension":[{"url":"http://hl7.org/fhir/StructureDefinition/capabilitystatement-expectation","valueCode":"MAY"}],"code":"patch"},{"extension":[{"url":"http://hl7.org/fhir/StructureDefinition/capabilitystatement-expectation","valueCode":"MAY"}],"code":"delete"},{"extension":[{"url":"http://hl7.org/fhir/StructureDefinition/capabilitystatement-expectation","valueCode":"SHOULD"}],"code":"history-instance"},{"extension":[{"url":"http://hl7.org/fhir/StructureDefinition/capabilitystatement-expectation","valueCode":"MAY"}],"code":"history-type"}],"readHistory":false,"updateCreate":false,"searchInclude":["QuestionnaireResponse:questionnaire"],"searchParam":[{"extension":[{"url":"http://hl7.org/fhir/StructureDefinition/capabilitystatement-expectation","valueCode":"SHOULD"}],"name":"_id","definition":"http://hl7.org/fhir/SearchParameter/Resource-id","type":"token"},{"extension":[{"url":"http://hl7.org/fhir/StructureDefinition/capabilitystatement-expectation","valueCode":"SHOULD"}],"name":"questionnaire","definition":"http://fhir.org/guides/argonaut-questionnaire/SearchParameter/QuestionnaireResponse-questionnaire","type":"reference"},{"extension":[{"url":"http://hl7.org/fhir/StructureDefinition/capabilitystatement-expectation","valueCode":"SHOULD"}],"name":"patient","definition":"http://fhir.org/guides/argonaut-questionnaire/SearchParameter/QuestionnaireResponse-patient","type":"reference"},{"extension":[{"url":"http://hl7.org/fhir/StructureDefinition/capabilitystatement-expectation","valueCode":"SHOULD"}],"name":"context","definition":"http://fhir.org/guides/argonaut-questionnaire/SearchParameter/QuestionnaireResponse-context","type":"reference"},{"extension":[{"url":"http://hl7.org/fhir/StructureDefinition/capabilitystatement-expectation","valueCode":"SHOULD"}],"name":"status","definition":"http://fhir.org/guides/argonaut-questionnaire/SearchParameter/QuestionnaireResponse-status","type":"token"},{"extension":[{"url":"http://hl7.org/fhir/StructureDefinition/capabilitystatement-expectation","valueCode":"SHOULD"}],"name":"author","definition":"http://fhir.org/guides/argonaut-questionnaire/SearchParameter/QuestionnaireResponse-author","type":"reference"},{"extension":[{"url":"http://hl7.org/fhir/StructureDefinition/capabilitystatement-expectation","valueCode":"SHOULD"}],"name":"source","definition":"http://fhir.org/guides/argonaut-questionnaire/SearchParameter/QuestionnaireResponse-source","type":"reference"}]}],"operation":[{"extension":[{"url":"http://hl7.org/fhir/StructureDefinition/capabilitystatement-expectation","valueCode":"SHOULD"}],"name":"next-question","definition":{"reference":"http://fhir.org/guides/argonaut-questionnaire/OperationDefinition/next-question"}}]}]}