{"resourceType":"ImplementationGuide","id":"ig","text":{"status":"generated","div":"<div xmlns=\"http://www.w3.org/1999/xhtml\"><h2>IG-Test3</h2><p>The official URL for this implementation guide is: </p><pre>http://www.fhir.org/guides/test3/ImplementationGuide/ig</pre></div>"},"url":"http://www.fhir.org/guides/test3/ImplementationGuide/ig","name":"IG-Test3","status":"draft","experimental":true,"publisher":"Health eData Inc","package":[{"id":"p1","name":"base","resource":[{"extension":[{"url":"http://hl7.org/fhir/StructureDefinition/implementationguide-page","valueUri":"Observation-example.html"}],"example":true,"sourceReference":{"reference":"Observation/example"}},{"extension":[{"url":"http://hl7.org/fhir/StructureDefinition/implementationguide-page","valueUri":"StructureMap-Foo.html"}],"example":false,"sourceReference":{"reference":"StructureMap/Foo"}},{"extension":[{"url":"http://hl7.org/fhir/StructureDefinition/implementationguide-page","valueUri":"StructureDefinition-template-basic2.html"}],"example":false,"sourceReference":{"reference":"StructureDefinition/template-basic2"}},{"extension":[{"url":"http://hl7.org/fhir/StructureDefinition/implementationguide-page","valueUri":"CapabilityStatement-server.html"}],"example":false,"sourceReference":{"reference":"CapabilityStatement/server"}},{"extension":[{"url":"http://hl7.org/fhir/StructureDefinition/implementationguide-page","valueUri":"CapabilityStatement-client.html"}],"example":false,"sourceReference":{"reference":"CapabilityStatement/client"}}]}],"page":{"source":"index.md","title":"IG-Test3 Homepage","kind":"page","page":[{"source":"_includes/toc.md","title":"IG-Test3 Table of Contents","kind":"page"}]}}