{"resourceType":"ImplementationGuide","id":"ig","text":{"status":"generated","div":"<div xmlns=\"http://www.w3.org/1999/xhtml\"><h2>Argonaut Questionnaire</h2><p>The official URL for this implementation guide is: </p><pre>http://fhir.org/guides/argonaut-questionnaire/ImplementationGuide/ig</pre></div>"},"url":"http://fhir.org/guides/argonaut-questionnaire/ImplementationGuide/ig","version":"0.0.0","name":"Argonaut Questionnaire","status":"draft","experimental":true,"publisher":"Argonaut Project","fhirVersion":"3.0.1","package":[{"id":"p1","name":"base","resource":[{"extension":[{"url":"http://hl7.org/fhir/StructureDefinition/implementationguide-page","valueUri":"Questionnaire-questionnaire-example-sampler.html"}],"example":true,"sourceReference":{"reference":"Questionnaire/questionnaire-example-sampler"}},{"extension":[{"url":"http://hl7.org/fhir/StructureDefinition/implementationguide-page","valueUri":"QuestionnaireResponse-questionnaireresponse-example-phq9.html"}],"example":true,"sourceReference":{"reference":"QuestionnaireResponse/questionnaireresponse-example-phq9"}},{"extension":[{"url":"http://hl7.org/fhir/StructureDefinition/implementationguide-page","valueUri":"Questionnaire-questionnaire-example-phq9.html"}],"example":true,"sourceReference":{"reference":"Questionnaire/questionnaire-example-phq9"}},{"extension":[{"url":"http://hl7.org/fhir/StructureDefinition/implementationguide-page","valueUri":"QuestionnaireResponse-questionnaireresponse-example-housing.html"}],"example":true,"sourceReference":{"reference":"QuestionnaireResponse/questionnaireresponse-example-housing"}},{"extension":[{"url":"http://hl7.org/fhir/StructureDefinition/implementationguide-page","valueUri":"Questionnaire-questionnaire-example-housing.html"}],"example":true,"sourceReference":{"reference":"Questionnaire/questionnaire-example-housing"}},{"extension":[{"url":"http://hl7.org/fhir/StructureDefinition/implementationguide-page","valueUri":"QuestionnaireResponse-questionnaireresponse-example-dast.html"}],"example":true,"sourceReference":{"reference":"QuestionnaireResponse/questionnaireresponse-example-dast"}},{"extension":[{"url":"http://hl7.org/fhir/StructureDefinition/implementationguide-page","valueUri":"Questionnaire-questionnaire-example-dast.html"}],"example":true,"sourceReference":{"reference":"Questionnaire/questionnaire-example-dast"}},{"extension":[{"url":"http://hl7.org/fhir/StructureDefinition/implementationguide-page","valueUri":"QuestionnaireResponse-questionnaireresponse-example-audit.html"}],"example":true,"sourceReference":{"reference":"QuestionnaireResponse/questionnaireresponse-example-audit"}},{"extension":[{"url":"http://hl7.org/fhir/StructureDefinition/implementationguide-page","valueUri":"Questionnaire-questionnaire-example-audit.html"}],"example":true,"sourceReference":{"reference":"Questionnaire/questionnaire-example-audit"}},{"extension":[{"url":"http://hl7.org/fhir/StructureDefinition/implementationguide-page","valueUri":"QuestionnaireResponse-questionnaireresponse-example-asq3.html"}],"example":true,"sourceReference":{"reference":"QuestionnaireResponse/questionnaireresponse-example-asq3"}},{"extension":[{"url":"http://hl7.org/fhir/StructureDefinition/implementationguide-page","valueUri":"Questionnaire-questionnaire-example-asq3.html"}],"example":true,"sourceReference":{"reference":"Questionnaire/questionnaire-example-asq3"}},{"extension":[{"url":"http://hl7.org/fhir/StructureDefinition/implementationguide-page","valueUri":"ValueSet-example-answerlist1.html"}],"example":false,"sourceReference":{"reference":"ValueSet/example-answerlist1"}},{"extension":[{"url":"http://hl7.org/fhir/StructureDefinition/implementationguide-page","valueUri":"StructureDefinition-extension-timelimit.html"}],"example":false,"sourceReference":{"reference":"StructureDefinition/extension-timelimit"}},{"extension":[{"url":"http://hl7.org/fhir/StructureDefinition/implementationguide-page","valueUri":"StructureDefinition-extension-score.html"}],"example":false,"sourceReference":{"reference":"StructureDefinition/extension-score"}},{"extension":[{"url":"http://hl7.org/fhir/StructureDefinition/implementationguide-page","valueUri":"SearchParameter-Questionnaire-context-value.html"}],"example":false,"sourceReference":{"reference":"SearchParameter/Questionnaire-context-value"}},{"extension":[{"url":"http://hl7.org/fhir/StructureDefinition/implementationguide-page","valueUri":"SearchParameter-Questionnaire-context-type.html"}],"example":false,"sourceReference":{"reference":"SearchParameter/Questionnaire-context-type"}},{"extension":[{"url":"http://hl7.org/fhir/StructureDefinition/implementationguide-page","valueUri":"StructureDefinition-qr.html"}],"example":false,"sourceReference":{"reference":"StructureDefinition/qr"}},{"extension":[{"url":"http://hl7.org/fhir/StructureDefinition/implementationguide-page","valueUri":"StructureDefinition-qcvs.html"}],"example":false,"sourceReference":{"reference":"StructureDefinition/qcvs"}},{"extension":[{"url":"http://hl7.org/fhir/StructureDefinition/implementationguide-page","valueUri":"StructureDefinition-q.html"}],"example":false,"sourceReference":{"reference":"StructureDefinition/q"}},{"extension":[{"url":"http://hl7.org/fhir/StructureDefinition/implementationguide-page","valueUri":"CodeSystem-answer-codes.html"}],"example":false,"sourceReference":{"reference":"CodeSystem/answer-codes"}},{"extension":[{"url":"http://hl7.org/fhir/StructureDefinition/implementationguide-page","valueUri":"CapabilityStatement-server.html"}],"example":false,"sourceReference":{"reference":"CapabilityStatement/server"}},{"extension":[{"url":"http://hl7.org/fhir/StructureDefinition/implementationguide-page","valueUri":"CapabilityStatement-client.html"}],"example":false,"sourceReference":{"reference":"CapabilityStatement/client"}},{"extension":[{"url":"http://hl7.org/fhir/StructureDefinition/implementationguide-page","valueUri":"CapabilityStatement-assessmentbank.html"}],"example":false,"sourceReference":{"reference":"CapabilityStatement/assessmentbank"}},{"extension":[{"url":"http://hl7.org/fhir/StructureDefinition/implementationguide-page","valueUri":"CapabilityStatement-answerbank.html"}],"example":false,"sourceReference":{"reference":"CapabilityStatement/answerbank"}}]},{"id":"Q-profile-spreadsheet.xml","name":"Argonaut_Q_Profile","resource":[{"extension":[{"url":"http://hl7.org/fhir/StructureDefinition/implementationguide-page","valueUri":"StructureDefinition-q.html"}],"name":"Argonaut_Q_Profile","sourceReference":{"reference":"StructureDefinition/q"}}]},{"id":"QCVS-profile-spreadsheet.xml","name":"Argonaut_QCVS_Profile","resource":[{"extension":[{"url":"http://hl7.org/fhir/StructureDefinition/implementationguide-page","valueUri":"StructureDefinition-qcvs.html"}],"name":"Argonaut_QCVS_Profile","sourceReference":{"reference":"StructureDefinition/qcvs"}}]},{"id":"QR-profile-spreadsheet.xml","name":"Argonaut_QR_Profile","resource":[{"extension":[{"url":"http://hl7.org/fhir/StructureDefinition/implementationguide-page","valueUri":"StructureDefinition-qr.html"}],"name":"Argonaut_QR_Profile","sourceReference":{"reference":"StructureDefinition/qr"}}]}],"page":{"source":"index.md","title":"Argonaut Questionnaire Homepage","kind":"page","page":[{"source":"_includes/toc.md","title":"Argonaut Questionnaire Table of Contents","kind":"page"}]}}