{"resourceType":"ImplementationGuide","id":"ig","text":{"status":"generated","div":"<div xmlns=\"http://www.w3.org/1999/xhtml\"><h2>Argonaut Clinical Notes</h2><p>The official URL for this implementation guide is: </p><pre>http://fhir.org/guides/argonaut-clinicalnotes/ImplementationGuide/ig</pre></div>"},"url":"http://fhir.org/guides/argonaut-clinicalnotes/ImplementationGuide/ig","name":"Argonaut Clinical Notes","status":"draft","experimental":true,"publisher":"Argonaut Project","package":[{"id":"p1","name":"base","resource":[{"extension":[{"url":"http://hl7.org/fhir/StructureDefinition/implementationguide-page","valueUri":"StructureDefinition-argo-clinicalnotes.html"}],"example":false,"sourceReference":{"reference":"StructureDefinition/argo-clinicalnotes"}},{"extension":[{"url":"http://hl7.org/fhir/StructureDefinition/implementationguide-page","valueUri":"CapabilityStatement-server.html"}],"example":false,"sourceReference":{"reference":"CapabilityStatement/server"}},{"extension":[{"url":"http://hl7.org/fhir/StructureDefinition/implementationguide-page","valueUri":"CapabilityStatement-client.html"}],"example":false,"sourceReference":{"reference":"CapabilityStatement/client"}}]}],"page":{"source":"index.md","title":"Argonaut Clinical Notes Homepage","kind":"page","page":[{"source":"_includes/toc.md","title":"Argonaut Clinical Notes Table of Contents","kind":"page"}]}}