{"resourceType":"OperationDefinition","id":"next-q","text":{"status":"generated","div":"<div xmlns=\"http://www.w3.org/1999/xhtml\"><h2>Argonaut Next Question Operation</h2><p>OPERATION: Argonaut Next Question Operation</p><p>The official URL for this operation definition is: </p><pre>http://fhir.org/guides/argonaut-questionnaire/OperationDefinition/next-q</pre><div><p>The Argonaut Next Question Operation is used for <em>adaptive questionnaires</em> forms where the next question is based on previous answers.  The result of this operation is to return the next question and optionally the questionnaire scoring for an adaptice questionnaire.  This operation uses the <a href=\"http://hl7.org/fhir/STU3/questionnaireresponse.html\">QuestionnaireResponse</a> resource with a <a href=\"http://hl7.org/fhir/STU3/references.html#contained\"><em>contained</em></a> <a href=\"http://hl7.org/fhir/STU3/questionnaire.html\">Questionnaire</a> as both the input and output parameter. The Client initiates and queries for the next question supplying the answer to the previous question.  The Server updates the contained Questionnaire in the  QuestionnaireResponse in the with the next question.  When the questionnaire is complete, the Server updates the status of the 'qr-in' resource parameter to <code>complete</code>.  If the questionnaire has exceeded the time limit, the  Client or Server may return an <a href=\"http://hl7.org/fhir/STU3/operationoutcome.html\">OperationOutcome</a> with an error.</p>\n</div><p>URL: [base]/QuestionnaireResponse/[id]/$next-q</p><p>Parameters</p><table class=\"grid\"><tr><td><b>Use</b></td><td><b>Name</b></td><td><b>Cardinality</b></td><td><b>Type</b></td><td><b>Binding</b></td><td><b>Documentation</b></td></tr><tr><td>IN</td><td>qr-in</td><td>1..1</td><td>Resource</td><td/><td><div><p>The <a href=\"StructureDefinition-aqr.html\">Argo Adaptive QuestionnaireResponse Profile</a> of the QuestionnaireResponse resource with a <em>contained</em> Questionnaire.  When initiating an adaptive questionnaire, the resource represents only metadata, because it precedes the first question.  For subsequent transactions the Client updates the QuestionnaireResponse with the previous question-answer pair and posts it to the Server.</p>\n</div></td></tr><tr><td>OUT</td><td>return</td><td>1..1</td><td>Resource</td><td/><td><div><p>The <a href=\"StructureDefinition-aqr.html\">Argo AdaptiveQuestionnaireResponse Profile</a> of the QuestionnaireResponse resource with a <em>contained</em> Questionnaire.  The Server updates the QuestionnaireResponse's contained Questionnaire with the next question and returns it as this parameter.  When the questionnaire is complete, the Server updates the status of the QuestionnaireResponse resource parameter to <code>complete</code>.</p>\n</div></td></tr></table></div>"},"url":"http://fhir.org/guides/argonaut-questionnaire/OperationDefinition/next-q","version":"0.0.0","name":"Argonaut Next Question Operation","status":"draft","kind":"operation","date":"2018-08-08T14:35:53-07:00","publisher":"The Argonaut Project","description":"The Argonaut Next Question Operation is used for *adaptive questionnaires* forms where the next question is based on previous answers.  The result of this operation is to return the next question and optionally the questionnaire scoring for an adaptice questionnaire.  This operation uses the [QuestionnaireResponse](http://hl7.org/fhir/STU3/questionnaireresponse.html) resource with a [*contained*](http://hl7.org/fhir/STU3/references.html#contained) [Questionnaire](http://hl7.org/fhir/STU3/questionnaire.html) as both the input and output parameter. The Client initiates and queries for the next question supplying the answer to the previous question.  The Server updates the contained Questionnaire in the  QuestionnaireResponse in the with the next question.  When the questionnaire is complete, the Server updates the status of the 'qr-in' resource parameter to `complete`.  If the questionnaire has exceeded the time limit, the  Client or Server may return an [OperationOutcome](http://hl7.org/fhir/STU3/operationoutcome.html) with an error.","code":"next-q","resource":["QuestionnaireResponse"],"system":false,"type":false,"instance":true,"parameter":[{"name":"qr-in","use":"in","min":1,"max":"1","documentation":"The [Argo Adaptive QuestionnaireResponse Profile](StructureDefinition-aqr.html) of the QuestionnaireResponse resource with a *contained* Questionnaire.  When initiating an adaptive questionnaire, the resource represents only metadata, because it precedes the first question.  For subsequent transactions the Client updates the QuestionnaireResponse with the previous question-answer pair and posts it to the Server.","type":"Resource","profile":{"reference":"http://fhir.org/guides/argonaut-questionnaire/StructureDefinition/aqr"}},{"name":"return","use":"out","min":1,"max":"1","documentation":"The [Argo AdaptiveQuestionnaireResponse Profile](StructureDefinition-aqr.html) of the QuestionnaireResponse resource with a *contained* Questionnaire.  The Server updates the QuestionnaireResponse's contained Questionnaire with the next question and returns it as this parameter.  When the questionnaire is complete, the Server updates the status of the QuestionnaireResponse resource parameter to `complete`.","type":"Resource","profile":{"reference":"http://fhir.org/guides/argonaut-questionnaire/StructureDefinition/aqr"}}]}