{"resourceType":"ValueSet","id":"example-answerlist1","text":{"status":"generated","div":"<div xmlns=\"http://www.w3.org/1999/xhtml\"><h2>Argonaut_Example_Answer_List1</h2><div><p>Argonaut Example Answer List 1 are used in the AUDIT questionnaire example for questions 9 and 10.</p>\n</div><p>This value set includes codes from the following code systems:</p><ul><li>Include these codes as defined in <a href=\"http://www.snomed.org/\"><code>http://snomed.info/sct</code></a><table class=\"none\"><tr><td style=\"white-space:nowrap\"><b>Code</b></td><td><b>Display</b></td></tr><tr><td><a href=\"http://browser.ihtsdotools.org/?perspective=full&amp;conceptId1=373067005\">373067005</a></td><td>No</td><td/></tr></table></li><li>Include these codes as defined in <a href=\"CodeSystem-answer-codes.html\"><code>http://fhir.org/guides/argonaut-questionnaire/CodeSystem/answer-codes</code></a><table class=\"none\"><tr><td style=\"white-space:nowrap\"><b>Code</b></td><td><b>Display</b></td></tr><tr><td><a href=\"CodeSystem-answer-codes.html#answer-codes-not-last-year\">not-last-year</a></td><td>Yes, but not in the last year</td><td>'Yes, but not in the last year' is a response to  a questionnaire question</td></tr></table></li><li>Include these codes as defined in <a href=\"http://loinc.org\"><code>http://loinc.org</code></a><table class=\"none\"><tr><td style=\"white-space:nowrap\"><b>Code</b></td><td><b>Display</b></td></tr><tr><td><a href=\"http://details.loinc.org/LOINC/LA15519-4.html\">LA15519-4</a></td><td>Yes, during the last year</td><td/></tr></table></li></ul></div>"},"url":"http://fhir.org/guides/argonaut-questionnaire/ValueSet/example-answerlist1","version":"0.0.0","name":"Argonaut_Example_Answer_List1","title":"Argonaut Example Answer List 1","status":"active","date":"2018-04-05T12:40:10-07:00","description":"Argonaut Example Answer List 1 are used in the AUDIT questionnaire example for questions 9 and 10.","jurisdiction":[{"coding":[{"system":"urn:iso:std:iso:3166","code":"US","display":"United States of America"}]}],"compose":{"include":[{"system":"http://snomed.info/sct","concept":[{"code":"373067005","display":"No"}]},{"system":"http://fhir.org/guides/argonaut-questionnaire/CodeSystem/answer-codes","concept":[{"code":"not-last-year","display":"Yes, but not in the last year"}]},{"system":"http://loinc.org","concept":[{"code":"LA15519-4","display":"Yes, during the last year"}]}]}}