{"resourceType":"ValueSet","id":"SAMHSA-dad","text":{"status":"generated","div":"<div xmlns=\"http://www.w3.org/1999/xhtml\"><h2>SAMHSA-drinks-a-day</h2><div><p>SAMHSA-drinks a day / 1 or 2/3 or 4/5 or 6/7 to 9/10 or more.  http://loinc.org/vs/LL2180-9</p>\n</div><p><b>Copyright Statement:</b> World Health Organization (WHO) Questionnaires, This content LOINC® is copyright © 1995 Regenstrief Institute, Inc. and the LOINC Committee, and available at no cost under the license at http://loinc.org/terms-of-use</p><p>This value set includes codes from the following code systems:</p><ul><li>Include these codes as defined in <a href=\"http://loinc.org\"><code>http://loinc.org</code></a><table class=\"none\"><tr><td style=\"white-space:nowrap\"><b>Code</b></td><td><b>Display</b></td></tr><tr><td><a href=\"http://details.loinc.org/LOINC/LA15694-5.html\">LA15694-5</a></td><td>1 or 2</td><td/></tr><tr><td><a href=\"http://details.loinc.org/LOINC/LA15695-2.html\">LA15695-2</a></td><td>3 or 4</td><td/></tr><tr><td><a href=\"http://details.loinc.org/LOINC/LA18930-0.html\">LA18930-0</a></td><td>5 or 6</td><td/></tr><tr><td><a href=\"http://details.loinc.org/LOINC/LA18931-8.html\">LA18931-8</a></td><td>7 to 9</td><td/></tr><tr><td><a href=\"http://details.loinc.org/LOINC/LA18932-6.html\">LA18932-6</a></td><td>10 or more</td><td/></tr></table></li></ul></div>"},"url":"http://fhir.org/guides/argonaut-questionnaire/ValueSet/SAMHSA-dad","version":"0.0.0","name":"SAMHSA-drinks-a-day","title":" SAMHSA-drinks a day / 1 or 2/3 or 4/5 or 6/7 to 9/10 or more","status":"active","date":"2018-04-05T12:40:10-07:00","description":"SAMHSA-drinks a day / 1 or 2/3 or 4/5 or 6/7 to 9/10 or more.  http://loinc.org/vs/LL2180-9","jurisdiction":[{"coding":[{"system":"urn:iso:std:iso:3166","code":"US","display":"United States of America"}]}],"copyright":"World Health Organization (WHO) Questionnaires, This content LOINC® is copyright © 1995 Regenstrief Institute, Inc. and the LOINC Committee, and available at no cost under the license at http://loinc.org/terms-of-use","compose":{"include":[{"system":"http://loinc.org","concept":[{"extension":[{"url":"http://hl7.org/fhir/StructureDefinition/valueset-ordinalValue","valueDecimal":0}],"code":"LA15694-5","display":"1 or 2"},{"extension":[{"url":"http://hl7.org/fhir/StructureDefinition/valueset-ordinalValue","valueDecimal":1}],"code":"LA15695-2","display":"3 or 4"},{"extension":[{"url":"http://hl7.org/fhir/StructureDefinition/valueset-ordinalValue","valueDecimal":2}],"code":"LA18930-0","display":"5 or 6"},{"extension":[{"url":"http://hl7.org/fhir/StructureDefinition/valueset-ordinalValue","valueDecimal":3}],"code":"LA18931-8","display":"7 to 9"},{"extension":[{"url":"http://hl7.org/fhir/StructureDefinition/valueset-ordinalValue","valueDecimal":4}],"code":"LA18932-6","display":"10 or more"}]}]}}