{"resourceType":"CapabilityStatement","id":"server","text":{"status":"additional","div":"<div xmlns=\"http://www.w3.org/1999/xhtml\">\n\t\t\t<h2 id=\"argonaut-questionnaire-conformance-requirements\">Argonaut Questionnaire Conformance Requirements</h2>\n\t\t\t<p>This section outlines conformance requirements for the Argonaut questionnaire Server, identifying the specific profiles that need to be supported, the specific RESTful operations that need to be supported, and the search parameters that need to be supported. Note: The individual Argonaut questionnaire profiles identify the structural constraints, terminology bindings and invariants, however, implementers must refer to the conformance requirements for details on the RESTful operations, specific profiles and the search parameters applicable to each of the Argonaut questionnaire actors.</p>\n\t\t\t<h3 id=\"conformance-requirements-for-the-argonaut-questionnaire-implementation-guide-server\">Conformance requirements for the Argonaut questionnaire Implementation Guide Server</h3>\n\t\t\t<ul>\n\t\t\t\t<li>FHIR Version: 3.0.1</li>\n\t\t\t\t<li>Supported formats: xml, json</li>\n\t\t\t\t<li>Published: May 20, 2018</li>\n\t\t\t\t<li>Published by: The Argonaut Project</li>\n\t\t\t</ul>\n\t\t\t<p>The Section describes the expected Capabilities of the Argonaut Questonnaire Server (Provider EHR)  which is responsible for fetching, rendering and displaying Questionnaires,  storing (scoring) and sharing QuestionnaireAnswers ( ...todo...) , RESTful operations, and search parameters supported by Argonaut questionnaire Servers are defined.</p>\n\t\t\t<h4 id=\"behavior\">Behavior</h4>\n\t\t\t<p>Description:</p>\n\t\t\t<p>The Argonaut questionnaire Server <strong>SHALL (...todo... review...)</strong>:</p>\n\t\t\t<ol>\n\t\t\t\t<li>Support at least one Argonaut questionnaire use case.</li>\n\t\t\t\t<li>Implement the RESTful behavior according to the FHIR specification including returning the appropriate response classes as described in the FHIR specification for <a href=\"{{site.data.fhir.path}}http.html\">FHIR RESTful API</a> and <a href=\"{{site.data.fhir.path}}operations.html\">Extended Operations on the RESTful API</a>.</li>\n\t\t\t\t<li>Conform to the <a href=\"http://hl7.org/fhir/us/core/1.0.1/index.html\">US Core Implementation Guide</a>.</li>\n\t\t\t\t<li>Support <em>json</em> resource formats for all Argonaut questionnaire interactions.</li>\n\t\t\t\t<li>Declare a CapabilityStatement identifying the list of profiles, operations, search parameter supported.</li>\n\t\t\t</ol>\n\t\t\t<p>The Argonaut questionnaire Server <strong>SHOULD (...todo... review...)</strong>:</p>\n\t\t\t<ol>\n\t\t\t\t<li>Support <em>xml</em> resource formats for all Argonaut questionnaire interactions.</li>\n\t\t\t\t<li>Identify the Argonaut questionnaire profiles supported as part of the FHIR <code>meta.profile</code> attribute for each instance.</li>\n\t\t\t</ol>\n\t\t\t<h4 id=\"security-\">Security:</h4>\n\t\t\t<p>For general security consideration refer to the <a href=\"http://hl7.org/fhir/us/core/security.html\">Security section</a> in the US Core Implementation Guide.</p>\n\t\t\t<h4 id=\"profile-interaction-summary-\">Profile Interaction Summary: (...todo... review...)</h4>\n\t\t\t<h4 id=\"resource-details-\">Resource  Details: (...todo... review...)</h4>\n\t\t\t<hr/>\n\t\t</div>"},"url":"http://fhir.org/guides/argonaut-questionnaire/CapabilityStatement/server","version":"0.0.0","name":"argonautQuestionnaireServerCapabilityStatement","title":"Argonaut Questionnaire Server CapabilityStatement","status":"draft","experimental":false,"date":"2018-05-18T00:00:00-07:00","publisher":"Argonaut Project","description":"The Argonaut questionnaire Server CapabilityStatement provides a for a complete list of supported RESTful interactions for the Argonaut questionnaire Implementation Guide","jurisdiction":[{"coding":[{"system":"urn:iso:std:iso:3166","code":"US"}]}],"kind":"requirements","fhirVersion":"3.0.1","format":["application/fhir+xml","application/fhir+json"],"patchFormat":["application/json-patch+json","application/xml-patch+xml","application/fhirpath-patch+fhirpath"],"implementationGuide":["http://fhir.org/guides/argonaut-questionnaire/ImplementationGuide/ig","http://hl7.org/fhir/us/core/ImplementationGuide/ig"],"rest":[{"mode":"server","documentation":"The [Argonaut](http://argonautwiki.hl7.org/) questionnaire Project is a vendor agnostic specification providing FHIR RESTful APIs and guidance for access to and booking of appointments for patients by both patient and practitioner end users. This specification is based on [FHIR Version 3.0.1]({{site.data.fhir.path}}) and specifically the [Questionnaire]({{site.data.fhir.path}}questionnaire.html)and QuestionnaireResponse]({{site.data.fhir.path}}questionnaireresponse.html) resources.","security":{"service":[{"coding":[{"system":"http://hl7.org/fhir/restful-security-service","code":"SMART-on-FHIR"}]}],"description":"For general security consideration refer to the [Security section](http://hl7.org/fhir/us/core/security.html) in the US Core Implementation Guide."},"resource":[{"type":"Questionnaire","interaction":[{"extension":[{"url":"http://hl7.org/fhir/StructureDefinition/capabilitystatement-expectation","valueCode":"SHALL"}],"code":"read"},{"extension":[{"url":"http://hl7.org/fhir/StructureDefinition/capabilitystatement-expectation","valueCode":"SHALL"}],"code":"search-type"},{"extension":[{"url":"http://hl7.org/fhir/StructureDefinition/capabilitystatement-expectation","valueCode":"SHALL"}],"code":"patch"}],"referencePolicy":["enforced"],"searchParam":[{"extension":[{"url":"http://hl7.org/fhir/StructureDefinition/capabilitystatement-expectation","valueCode":"SHALL"}],"name":"_id","definition":"http://hl7.org/fhir/SearchParameter/_id","type":"token"},{"extension":[{"url":"http://hl7.org/fhir/StructureDefinition/capabilitystatement-expectation","valueCode":"SHALL"}],"name":"title","definition":"http://hl7.org/fhir/SearchParameter/title","type":"string"},{"extension":[{"url":"http://hl7.org/fhir/StructureDefinition/capabilitystatement-expectation","valueCode":"SHALL"}],"name":"status","definition":"http://hl7.org/fhir/SearchParameter/status","type":"token"},{"extension":[{"url":"http://hl7.org/fhir/StructureDefinition/capabilitystatement-expectation","valueCode":"SHOULD"}],"name":"version","definition":"http://hl7.org/fhir/SearchParameter/version","type":"token"}]},{"type":"QuestionnaireResponse","interaction":[{"extension":[{"url":"http://hl7.org/fhir/StructureDefinition/capabilitystatement-expectation","valueCode":"SHOULD"}],"code":"create"},{"extension":[{"url":"http://hl7.org/fhir/StructureDefinition/capabilitystatement-expectation","valueCode":"SHOULD"}],"code":"update"}],"updateCreate":true,"referencePolicy":["enforced"]}]}]}